1 , 0 , 1 , SXMFFW+CMBX12 , 14.361 , 133.768,704.342,141.838,718.702 , 1
1 , 0 , 1 , SXMFFW+CMBX12 , 14.361 , 157.977,704.342,170.596,718.702 , H
1 , 0 , 1 , SXMFFW+CMBX12 , 14.361 , 170.596,704.342,178.666,718.702 , 2
1 , 1 , 2 , XPCBJJ+CMR10 , 9.963 , 133.768,683.371,140.963,693.334 , T
1 , 1 , 2 , XPCBJJ+CMR10 , 9.963 , 140.963,683.371,146.498,693.334 , h
1 , 1 , 2 , XPCBJJ+CMR10 , 9.963 , 146.498,683.371,149.266,693.334 , i
1 , 1 , 2 , XPCBJJ+CMR10 , 9.963 , 149.266,683.371,153.195,693.334 , s
1 , 1 , 2 , XPCBJJ+CMR10 , 9.963 , 156.513,683.371,159.280,693.334 , i
1 , 1 , 2 , XPCBJJ+CMR10 , 9.963 , 159.280,683.371,163.209,693.334 , s
1 , 1 , 2 , XPCBJJ+CMR10 , 9.963 , 166.537,683.371,170.411,693.334 , t
1 , 1 , 2 , XPCBJJ+CMR10 , 9.963 , 170.411,683.371,175.947,693.334 , h
1 , 1 , 2 , XPCBJJ+CMR10 , 9.963 , 175.947,683.371,180.374,693.334 , e
1 , 1 , 2 , XPCBJJ+CMR10 , 9.963 , 183.692,683.371,189.227,693.334 , n
1 , 1 , 2 , XPCBJJ+CMR10 , 9.963 , 189.227,683.371,194.208,693.334 , o
1 , 1 , 2 , XPCBJJ+CMR10 , 9.963 , 194.208,683.371,198.110,693.334 , r
1 , 1 , 2 , XPCBJJ+CMR10 , 9.963 , 198.110,683.371,206.412,693.334 , m
1 , 1 , 2 , XPCBJJ+CMR10 , 9.963 , 206.412,683.371,211.394,693.334 , a
1 , 1 , 2 , XPCBJJ+CMR10 , 9.963 , 211.394,683.371,214.161,693.334 , l
1 , 1 , 2 , XPCBJJ+CMR10 , 9.963 , 217.479,683.371,221.353,693.334 , t
1 , 1 , 2 , XPCBJJ+CMR10 , 9.963 , 221.353,683.371,225.781,693.334 , e
1 , 1 , 2 , XPCBJJ+CMR10 , 9.963 , 225.781,683.371,231.039,693.334 , x
1 , 1 , 2 , XPCBJJ+CMR10 , 9.963 , 231.039,683.371,234.913,693.334 , t
1 , 1 , 2 , XPCBJJ+CMR10 , 9.963 , 238.241,683.371,241.008,693.334 , i
1 , 1 , 2 , XPCBJJ+CMR10 , 9.963 , 241.008,683.371,246.544,693.334 , n
1 , 1 , 2 , XPCBJJ+CMR10 , 9.963 , 249.861,683.371,253.736,693.334 , t
1 , 1 , 2 , XPCBJJ+CMR10 , 9.963 , 253.736,683.371,259.271,693.334 , h
1 , 1 , 2 , XPCBJJ+CMR10 , 9.963 , 259.271,683.371,263.698,693.334 , e
1 , 1 , 2 , XPCBJJ+CMR10 , 9.963 , 267.016,683.371,275.318,693.334 , m
1 , 1 , 2 , XPCBJJ+CMR10 , 9.963 , 275.318,683.371,280.299,693.334 , a
1 , 1 , 2 , XPCBJJ+CMR10 , 9.963 , 280.299,683.371,283.067,693.334 , i
1 , 1 , 2 , XPCBJJ+CMR10 , 9.963 , 283.067,683.371,288.602,693.334 , n
1 , 1 , 2 , XPCBJJ+CMR10 , 9.963 , 291.929,683.371,295.859,693.334 , s
1 , 1 , 2 , XPCBJJ+CMR10 , 9.963 , 295.859,683.371,300.286,693.334 , e
1 , 1 , 2 , XPCBJJ+CMR10 , 9.963 , 300.286,683.371,304.713,693.334 , c
1 , 1 , 2 , XPCBJJ+CMR10 , 9.963 , 304.713,683.371,308.588,693.334 , t
1 , 1 , 2 , XPCBJJ+CMR10 , 9.963 , 308.588,683.371,311.355,693.334 , i
1 , 1 , 2 , XPCBJJ+CMR10 , 9.963 , 311.355,683.371,316.337,693.334 , o
1 , 1 , 2 , XPCBJJ+CMR10 , 9.963 , 316.337,683.371,321.872,693.334 , n
1 , 1 , 2 , XPCBJJ+CMR10 , 9.963 , 321.872,683.371,324.639,693.334 , .
1 , 2 , 3 , SXMFFW+CMBX12 , 11.967 , 133.768,655.097,140.493,667.064 , 1
1 , 2 , 3 , SXMFFW+CMBX12 , 11.967 , 140.493,655.097,144.229,667.064 , .
1 , 2 , 3 , SXMFFW+CMBX12 , 11.967 , 144.229,655.097,150.954,667.064 , 1
1 , 2 , 3 , SXMFFW+CMBX12 , 11.967 , 164.403,655.097,174.919,667.064 , H
1 , 2 , 3 , SXMFFW+CMBX12 , 11.967 , 174.919,655.097,181.644,667.064 , 3
1 , 3 , 4 , XPCBJJ+CMR10 , 9.963 , 133.768,637.093,139.303,647.056 , S
1 , 3 , 4 , XPCBJJ+CMR10 , 9.963 , 139.303,637.093,144.285,647.056 , o
1 , 3 , 4 , XPCBJJ+CMR10 , 9.963 , 144.285,637.093,152.586,647.056 , m
1 , 3 , 4 , XPCBJJ+CMR10 , 9.963 , 152.586,637.093,157.014,647.056 , e
1 , 3 , 4 , XPCBJJ+CMR10 , 9.963 , 160.331,637.093,165.867,647.056 , n
1 , 3 , 4 , XPCBJJ+CMR10 , 9.963 , 165.867,637.093,170.848,647.056 , o
1 , 3 , 4 , XPCBJJ+CMR10 , 9.963 , 170.848,637.093,174.750,647.056 , r
1 , 3 , 4 , XPCBJJ+CMR10 , 9.963 , 174.750,637.093,183.052,647.056 , m
1 , 3 , 4 , XPCBJJ+CMR10 , 9.963 , 183.052,637.093,188.033,647.056 , a
1 , 3 , 4 , XPCBJJ+CMR10 , 9.963 , 188.033,637.093,190.801,647.056 , l
1 , 3 , 4 , XPCBJJ+CMR10 , 9.963 , 194.128,637.093,198.003,647.056 , t
1 , 3 , 4 , XPCBJJ+CMR10 , 9.963 , 198.003,637.093,202.430,647.056 , e
1 , 3 , 4 , XPCBJJ+CMR10 , 9.963 , 202.430,637.093,207.688,647.056 , x
1 , 3 , 4 , XPCBJJ+CMR10 , 9.963 , 207.688,637.093,211.563,647.056 , t
1 , 3 , 4 , XPCBJJ+CMR10 , 9.963 , 214.881,637.093,217.648,647.056 , i
1 , 3 , 4 , XPCBJJ+CMR10 , 9.963 , 217.648,637.093,223.183,647.056 , n
1 , 3 , 4 , XPCBJJ+CMR10 , 9.963 , 226.501,637.093,230.430,647.056 , s
1 , 3 , 4 , XPCBJJ+CMR10 , 9.963 , 230.430,637.093,235.965,647.056 , u
1 , 3 , 4 , XPCBJJ+CMR10 , 9.963 , 235.965,637.093,241.501,647.056 , b
1 , 3 , 4 , XPCBJJ+CMR10 , 9.963 , 241.501,637.093,245.430,647.056 , s
1 , 3 , 4 , XPCBJJ+CMR10 , 9.963 , 245.430,637.093,249.857,647.056 , e
1 , 3 , 4 , XPCBJJ+CMR10 , 9.963 , 249.857,637.093,254.285,647.056 , c
1 , 3 , 4 , XPCBJJ+CMR10 , 9.963 , 254.285,637.093,258.159,647.056 , t
1 , 3 , 4 , XPCBJJ+CMR10 , 9.963 , 258.159,637.093,260.927,647.056 , i
1 , 3 , 4 , XPCBJJ+CMR10 , 9.963 , 260.927,637.093,265.908,647.056 , o
1 , 3 , 4 , XPCBJJ+CMR10 , 9.963 , 265.908,637.093,271.443,647.056 , n
1 , 3 , 4 , XPCBJJ+CMR10 , 9.963 , 271.443,637.093,274.211,647.056 , .
1 , 3 , 4 , XPCBJJ+CMR10 , 9.963 , 278.644,637.093,286.946,647.056 , m
1 , 3 , 4 , XPCBJJ+CMR10 , 9.963 , 286.946,637.093,291.927,647.056 , o
1 , 3 , 4 , XPCBJJ+CMR10 , 9.963 , 291.927,637.093,295.857,647.056 , s
1 , 3 , 4 , XPCBJJ+CMR10 , 9.963 , 295.857,637.093,299.731,647.056 , t
1 , 3 , 4 , XPCBJJ+CMR10 , 9.963 , 303.049,637.093,308.030,647.056 , o
1 , 3 , 4 , XPCBJJ+CMR10 , 9.963 , 308.030,637.093,311.074,647.056 , f
1 , 3 , 4 , XPCBJJ+CMR10 , 9.963 , 314.392,637.093,318.266,647.056 , t
1 , 3 , 4 , XPCBJJ+CMR10 , 9.963 , 318.266,637.093,323.802,647.056 , h
1 , 3 , 4 , XPCBJJ+CMR10 , 9.963 , 323.802,637.093,328.229,647.056 , e
1 , 3 , 4 , XPCBJJ+CMR10 , 9.963 , 331.556,637.093,337.092,647.056 , d
1 , 3 , 4 , XPCBJJ+CMR10 , 9.963 , 337.092,637.093,342.073,647.056 , o
1 , 3 , 4 , XPCBJJ+CMR10 , 9.963 , 342.352,637.093,346.779,647.056 , c
1 , 3 , 4 , XPCBJJ+CMR10 , 9.963 , 346.779,637.093,352.315,647.056 , u
1 , 3 , 4 , XPCBJJ+CMR10 , 9.963 , 352.315,637.093,360.616,647.056 , m
1 , 3 , 4 , XPCBJJ+CMR10 , 9.963 , 360.616,637.093,365.044,647.056 , e
1 , 3 , 4 , XPCBJJ+CMR10 , 9.963 , 365.044,637.093,370.579,647.056 , n
1 , 3 , 4 , XPCBJJ+CMR10 , 9.963 , 370.300,637.093,374.175,647.056 , t
1 , 3 , 4 , XPCBJJ+CMR10 , 9.963 , 377.492,637.093,384.687,647.056 , w
1 , 3 , 4 , XPCBJJ+CMR10 , 9.963 , 384.687,637.093,387.455,647.056 , i
1 , 3 , 4 , XPCBJJ+CMR10 , 9.963 , 387.455,637.093,390.222,647.056 , l
1 , 3 , 4 , XPCBJJ+CMR10 , 9.963 , 390.222,637.093,392.990,647.056 , l
1 , 3 , 4 , XPCBJJ+CMR10 , 9.963 , 396.307,637.093,401.843,647.056 , h
1 , 3 , 4 , XPCBJJ+CMR10 , 9.963 , 401.843,637.093,406.824,647.056 , a
1 , 3 , 4 , XPCBJJ+CMR10 , 9.963 , 406.555,637.093,411.813,647.056 , v
1 , 3 , 4 , XPCBJJ+CMR10 , 9.963 , 411.534,637.093,415.962,647.056 , e
1 , 3 , 4 , XPCBJJ+CMR10 , 9.963 , 419.279,637.093,424.814,647.056 , n
1 , 3 , 4 , XPCBJJ+CMR10 , 9.963 , 424.814,637.093,429.796,647.056 , o
1 , 3 , 4 , XPCBJJ+CMR10 , 9.963 , 429.796,637.093,433.698,647.056 , r
1 , 3 , 4 , XPCBJJ+CMR10 , 9.963 , 433.698,637.093,442.000,647.056 , m
1 , 3 , 4 , XPCBJJ+CMR10 , 9.963 , 442.000,637.093,446.981,647.056 , a
1 , 3 , 4 , XPCBJJ+CMR10 , 9.963 , 446.981,637.093,449.749,647.056 , l
1 , 3 , 4 , XPCBJJ+CMR10 , 9.963 , 453.076,637.093,456.951,647.056 , t
1 , 3 , 4 , XPCBJJ+CMR10 , 9.963 , 456.951,637.093,461.378,647.056 , e
1 , 3 , 4 , XPCBJJ+CMR10 , 9.963 , 461.378,637.093,466.636,647.056 , x
1 , 3 , 4 , XPCBJJ+CMR10 , 9.963 , 466.636,637.093,470.511,647.056 , t
1 , 3 , 4 , XPCBJJ+CMR10 , 9.963 , 470.511,637.093,473.278,647.056 , .
1 , 4 , 5 , SXMFFW+CMBX12 , 11.967 , 133.768,608.819,140.493,620.786 , 1
1 , 4 , 5 , SXMFFW+CMBX12 , 11.967 , 140.493,608.819,144.229,620.786 , .
1 , 4 , 5 , SXMFFW+CMBX12 , 11.967 , 144.229,608.819,150.954,620.786 , 2
1 , 4 , 5 , SXMFFW+CMBX12 , 11.967 , 164.403,608.819,174.919,620.786 , H
1 , 4 , 5 , SXMFFW+CMBX12 , 11.967 , 174.919,608.819,181.644,620.786 , 3
1 , 5 , 6 , SXMFFW+CMBX12 , 14.361 , 133.768,583.988,141.838,598.348 , 2
1 , 5 , 6 , SXMFFW+CMBX12 , 14.361 , 157.977,583.988,170.596,598.348 , H
1 , 5 , 6 , SXMFFW+CMBX12 , 14.361 , 170.596,583.988,178.666,598.348 , 2
1 , 6 , 7 , XPCBJJ+CMR10 , 9.963 , 133.768,563.017,140.963,572.980 , T
1 , 6 , 7 , XPCBJJ+CMR10 , 9.963 , 140.963,563.017,146.498,572.980 , h
1 , 6 , 7 , XPCBJJ+CMR10 , 9.963 , 146.498,563.017,149.266,572.980 , i
1 , 6 , 7 , XPCBJJ+CMR10 , 9.963 , 149.266,563.017,153.195,572.980 , s
1 , 6 , 7 , XPCBJJ+CMR10 , 9.963 , 156.513,563.017,160.442,572.980 , s
1 , 6 , 7 , XPCBJJ+CMR10 , 9.963 , 160.442,563.017,164.869,572.980 , e
1 , 6 , 7 , XPCBJJ+CMR10 , 9.963 , 164.869,563.017,169.297,572.980 , c
1 , 6 , 7 , XPCBJJ+CMR10 , 9.963 , 169.307,563.017,173.181,572.980 , t
1 , 6 , 7 , XPCBJJ+CMR10 , 9.963 , 173.181,563.017,175.949,572.980 , i
1 , 6 , 7 , XPCBJJ+CMR10 , 9.963 , 175.939,563.017,180.920,572.980 , o
1 , 6 , 7 , XPCBJJ+CMR10 , 9.963 , 180.920,563.017,186.455,572.980 , n
1 , 6 , 7 , XPCBJJ+CMR10 , 9.963 , 189.783,563.017,192.550,572.980 , i
1 , 6 , 7 , XPCBJJ+CMR10 , 9.963 , 192.550,563.017,196.480,572.980 , s
1 , 6 , 7 , XPCBJJ+CMR10 , 9.963 , 199.797,563.017,205.332,572.980 , h
1 , 6 , 7 , XPCBJJ+CMR10 , 9.963 , 205.332,563.017,209.760,572.980 , e
1 , 6 , 7 , XPCBJJ+CMR10 , 9.963 , 209.760,563.017,214.741,572.980 , a
1 , 6 , 7 , XPCBJJ+CMR10 , 9.963 , 214.741,563.017,220.276,572.980 , d
1 , 6 , 7 , XPCBJJ+CMR10 , 9.963 , 220.276,563.017,223.044,572.980 , i
1 , 6 , 7 , XPCBJJ+CMR10 , 9.963 , 223.044,563.017,228.579,572.980 , n
1 , 6 , 7 , XPCBJJ+CMR10 , 9.963 , 228.579,563.017,233.560,572.980 , g
1 , 6 , 7 , XPCBJJ+CMR10 , 9.963 , 236.878,563.017,239.646,572.980 , l
1 , 6 , 7 , XPCBJJ+CMR10 , 9.963 , 239.646,563.017,244.073,572.980 , e
1 , 6 , 7 , XPCBJJ+CMR10 , 9.963 , 244.073,563.017,249.331,572.980 , v
1 , 6 , 7 , XPCBJJ+CMR10 , 9.963 , 249.062,563.017,253.490,572.980 , e
1 , 6 , 7 , XPCBJJ+CMR10 , 9.963 , 253.490,563.017,256.257,572.980 , l
1 , 6 , 7 , XPCBJJ+CMR10 , 9.963 , 259.575,563.017,264.556,572.980 , 2
1 , 6 , 7 , XPCBJJ+CMR10 , 9.963 , 264.556,563.017,267.324,572.980 , .
1 , 6 , 7 , XPCBJJ+CMR10 , 9.963 , 271.747,563.017,277.282,572.980 , S
1 , 6 , 7 , XPCBJJ+CMR10 , 9.963 , 277.282,563.017,282.264,572.980 , o
1 , 6 , 7 , XPCBJJ+CMR10 , 9.963 , 285.591,563.017,289.466,572.980 , t
1 , 6 , 7 , XPCBJJ+CMR10 , 9.963 , 289.466,563.017,295.001,572.980 , h
1 , 6 , 7 , XPCBJJ+CMR10 , 9.963 , 295.001,563.017,297.768,572.980 , i
1 , 6 , 7 , XPCBJJ+CMR10 , 9.963 , 297.768,563.017,301.698,572.980 , s
1 , 6 , 7 , XPCBJJ+CMR10 , 9.963 , 305.015,563.017,307.783,572.980 , i
1 , 6 , 7 , XPCBJJ+CMR10 , 9.963 , 307.783,563.017,311.712,572.980 , s
1 , 6 , 7 , XPCBJJ+CMR10 , 9.963 , 315.030,563.017,318.959,572.980 , s
1 , 6 , 7 , XPCBJJ+CMR10 , 9.963 , 318.959,563.017,323.940,572.980 , o
1 , 6 , 7 , XPCBJJ+CMR10 , 9.963 , 323.940,563.017,332.242,572.980 , m
1 , 6 , 7 , XPCBJJ+CMR10 , 9.963 , 332.242,563.017,336.669,572.980 , e
1 , 6 , 7 , XPCBJJ+CMR10 , 9.963 , 339.997,563.017,343.871,572.980 , t
1 , 6 , 7 , XPCBJJ+CMR10 , 9.963 , 343.871,563.017,348.299,572.980 , e
1 , 6 , 7 , XPCBJJ+CMR10 , 9.963 , 348.299,563.017,353.557,572.980 , x
1 , 6 , 7 , XPCBJJ+CMR10 , 9.963 , 353.557,563.017,357.431,572.980 , t
1 , 6 , 7 , XPCBJJ+CMR10 , 9.963 , 360.749,563.017,363.517,572.980 , i
1 , 6 , 7 , XPCBJJ+CMR10 , 9.963 , 363.517,563.017,369.052,572.980 , n
1 , 6 , 7 , XPCBJJ+CMR10 , 9.963 , 372.369,563.017,376.244,572.980 , t
1 , 6 , 7 , XPCBJJ+CMR10 , 9.963 , 376.244,563.017,381.779,572.980 , h
1 , 6 , 7 , XPCBJJ+CMR10 , 9.963 , 381.779,563.017,384.547,572.980 , i
1 , 6 , 7 , XPCBJJ+CMR10 , 9.963 , 384.547,563.017,388.476,572.980 , s
1 , 6 , 7 , XPCBJJ+CMR10 , 9.963 , 391.803,563.017,395.733,572.980 , s
1 , 6 , 7 , XPCBJJ+CMR10 , 9.963 , 395.733,563.017,400.160,572.980 , e
1 , 6 , 7 , XPCBJJ+CMR10 , 9.963 , 400.160,563.017,404.587,572.980 , c
1 , 6 , 7 , XPCBJJ+CMR10 , 9.963 , 404.587,563.017,408.462,572.980 , t
1 , 6 , 7 , XPCBJJ+CMR10 , 9.963 , 408.462,563.017,411.229,572.980 , i
1 , 6 , 7 , XPCBJJ+CMR10 , 9.963 , 411.229,563.017,416.211,572.980 , o
1 , 6 , 7 , XPCBJJ+CMR10 , 9.963 , 416.211,563.017,421.746,572.980 , n
1 , 6 , 7 , XPCBJJ+CMR10 , 9.963 , 421.746,563.017,424.514,572.980 , .
1 , 7 , 8 , SXMFFW+CMBX12 , 11.967 , 133.768,534.743,140.493,546.710 , 2
1 , 7 , 8 , SXMFFW+CMBX12 , 11.967 , 140.493,534.743,144.229,546.710 , .
1 , 7 , 8 , SXMFFW+CMBX12 , 11.967 , 144.229,534.743,150.954,546.710 , 1
1 , 7 , 8 , SXMFFW+CMBX12 , 11.967 , 164.403,534.743,174.919,546.710 , H
1 , 7 , 8 , SXMFFW+CMBX12 , 11.967 , 174.919,534.743,181.644,546.710 , 3
1 , 8 , 9 , XPCBJJ+CMR10 , 9.963 , 133.768,516.739,140.963,526.702 , T
1 , 8 , 9 , XPCBJJ+CMR10 , 9.963 , 140.136,516.739,145.117,526.702 , o
1 , 8 , 9 , XPCBJJ+CMR10 , 9.963 , 145.396,516.739,150.378,526.702 , o
1 , 8 , 9 , XPCBJJ+CMR10 , 9.963 , 150.378,516.739,153.145,526.702 , l
1 , 8 , 9 , XPCBJJ+CMR10 , 9.963 , 153.135,516.739,157.065,526.702 , s
1 , 8 , 9 , XPCBJJ+CMR10 , 9.963 , 161.249,516.739,164.293,526.702 , f
1 , 8 , 9 , XPCBJJ+CMR10 , 9.963 , 164.293,516.739,169.275,526.702 , o
1 , 8 , 9 , XPCBJJ+CMR10 , 9.963 , 169.275,516.739,173.177,526.702 , r
1 , 8 , 9 , XPCBJJ+CMR10 , 9.963 , 177.361,516.739,183.588,526.702 , L
1 , 8 , 9 , XPCBJJ+CMR10 , 9.963 , 183.588,516.739,186.356,526.702 , i
1 , 8 , 9 , XPCBJJ+CMR10 , 9.963 , 186.356,516.739,191.337,526.702 , g
1 , 8 , 9 , XPCBJJ+CMR10 , 9.963 , 191.337,516.739,196.872,526.702 , h
1 , 8 , 9 , XPCBJJ+CMR10 , 9.963 , 196.593,516.739,200.468,526.702 , t
1 , 8 , 9 , XPCBJJ+CMR10 , 9.963 , 200.189,516.739,207.384,526.702 , w
1 , 8 , 9 , XPCBJJ+CMR10 , 9.963 , 207.105,516.739,211.532,526.702 , e
1 , 8 , 9 , XPCBJJ+CMR10 , 9.963 , 211.542,516.739,214.310,526.702 , i
1 , 8 , 9 , XPCBJJ+CMR10 , 9.963 , 214.310,516.739,219.291,526.702 , g
1 , 8 , 9 , XPCBJJ+CMR10 , 9.963 , 219.291,516.739,224.826,526.702 , h
1 , 8 , 9 , XPCBJJ+CMR10 , 9.963 , 224.547,516.739,228.422,526.702 , t
1 , 8 , 9 , XPCBJJ+CMR10 , 9.963 , 232.596,516.739,239.377,526.702 , P
1 , 8 , 9 , XPCBJJ+CMR10 , 9.963 , 239.377,516.739,246.987,526.702 , D
1 , 8 , 9 , XPCBJJ+CMR10 , 9.963 , 246.987,516.739,253.491,526.702 , F
1 , 8 , 9 , XPCBJJ+CMR10 , 9.963 , 257.675,516.739,262.656,526.702 , a
1 , 8 , 9 , XPCBJJ+CMR10 , 9.963 , 262.656,516.739,268.191,526.702 , n
1 , 8 , 9 , XPCBJJ+CMR10 , 9.963 , 268.191,516.739,273.727,526.702 , d
1 , 8 , 9 , XPCBJJ+CMR10 , 9.963 , 277.911,516.739,285.383,526.702 , X
1 , 8 , 9 , XPCBJJ+CMR10 , 9.963 , 285.383,516.739,292.163,526.702 , P
1 , 8 , 9 , XPCBJJ+CMR10 , 9.963 , 292.163,516.739,297.699,526.702 , S
1 , 8 , 9 , XPCBJJ+CMR10 , 9.963 , 301.873,516.739,307.131,526.702 , v
1 , 8 , 9 , XPCBJJ+CMR10 , 9.963 , 307.131,516.739,309.899,526.702 , i
1 , 8 , 9 , XPCBJJ+CMR10 , 9.963 , 309.899,516.739,314.326,526.702 , e
1 , 8 , 9 , XPCBJJ+CMR10 , 9.963 , 314.326,516.739,321.521,526.702 , w
1 , 8 , 9 , XPCBJJ+CMR10 , 9.963 , 321.242,516.739,325.670,526.702 , e
1 , 8 , 9 , XPCBJJ+CMR10 , 9.963 , 325.670,516.739,329.572,526.702 , r
1 , 8 , 9 , XPCBJJ+CMR10 , 9.963 , 333.756,516.739,341.228,526.702 , A
1 , 8 , 9 , XPCBJJ+CMR10 , 9.963 , 345.412,516.739,349.287,526.702 , t
1 , 8 , 9 , XPCBJJ+CMR10 , 9.963 , 349.287,516.739,354.268,526.702 , a
1 , 8 , 9 , XPCBJJ+CMR10 , 9.963 , 354.268,516.739,359.803,526.702 , b
1 , 8 , 9 , XPCBJJ+CMR10 , 9.963 , 359.803,516.739,365.339,526.702 , b
1 , 8 , 9 , XPCBJJ+CMR10 , 9.963 , 365.608,516.739,370.035,526.702 , e
1 , 8 , 9 , XPCBJJ+CMR10 , 9.963 , 370.035,516.739,375.570,526.702 , d
1 , 8 , 9 , XPCBJJ+CMR10 , 9.963 , 379.755,516.739,386.535,526.702 , P
1 , 8 , 9 , XPCBJJ+CMR10 , 9.963 , 386.535,516.739,394.146,526.702 , D
1 , 8 , 9 , XPCBJJ+CMR10 , 9.963 , 394.146,516.739,400.649,526.702 , F
1 , 8 , 9 , XPCBJJ+CMR10 , 9.963 , 404.833,516.739,410.092,526.702 , v
1 , 8 , 9 , XPCBJJ+CMR10 , 9.963 , 410.092,516.739,412.859,526.702 , i
1 , 8 , 9 , XPCBJJ+CMR10 , 9.963 , 412.859,516.739,417.287,526.702 , e
1 , 8 , 9 , XPCBJJ+CMR10 , 9.963 , 417.287,516.739,424.482,526.702 , w
1 , 8 , 9 , XPCBJJ+CMR10 , 9.963 , 424.203,516.739,428.630,526.702 , e
1 , 8 , 9 , XPCBJJ+CMR10 , 9.963 , 428.630,516.739,432.532,526.702 , r
1 , 8 , 9 , XPCBJJ+CMR10 , 9.963 , 436.717,516.739,442.252,526.702 , u
1 , 8 , 9 , XPCBJJ+CMR10 , 9.963 , 442.252,516.739,446.181,526.702 , s
1 , 8 , 9 , XPCBJJ+CMR10 , 9.963 , 446.181,516.739,448.949,526.702 , i
1 , 8 , 9 , XPCBJJ+CMR10 , 9.963 , 448.949,516.739,454.484,526.702 , n
1 , 8 , 9 , XPCBJJ+CMR10 , 9.963 , 454.484,516.739,459.465,526.702 , g
1 , 8 , 9 , XPCBJJ+CMR10 , 9.963 , 463.640,516.739,467.514,526.702 , t
1 , 8 , 9 , XPCBJJ+CMR10 , 9.963 , 467.514,516.739,473.049,526.702 , h
1 , 8 , 9 , XPCBJJ+CMR10 , 9.963 , 473.049,516.739,477.477,526.702 , e
1 , 8 , 10 , XPCBJJ+CMR10 , 9.963 , 133.768,504.784,139.303,514.747 , p
1 , 8 , 10 , XPCBJJ+CMR10 , 9.963 , 139.582,504.784,144.563,514.747 , o
1 , 8 , 10 , XPCBJJ+CMR10 , 9.963 , 144.563,504.784,150.099,514.747 , p
1 , 8 , 10 , XPCBJJ+CMR10 , 9.963 , 150.099,504.784,155.634,514.747 , p
1 , 8 , 10 , XPCBJJ+CMR10 , 9.963 , 155.634,504.784,158.402,514.747 , l
1 , 8 , 10 , XPCBJJ+CMR10 , 9.963 , 158.402,504.784,162.829,514.747 , e
1 , 8 , 10 , XPCBJJ+CMR10 , 9.963 , 162.829,504.784,166.731,514.747 , r
1 , 8 , 10 , XPCBJJ+CMR10 , 9.963 , 170.049,504.784,172.816,514.747 , l
1 , 8 , 10 , XPCBJJ+CMR10 , 9.963 , 172.816,504.784,175.584,514.747 , i
1 , 8 , 10 , XPCBJJ+CMR10 , 9.963 , 175.584,504.784,181.119,514.747 , b
1 , 8 , 10 , XPCBJJ+CMR10 , 9.963 , 181.119,504.784,185.022,514.747 , r
1 , 8 , 10 , XPCBJJ+CMR10 , 9.963 , 185.022,504.784,190.003,514.747 , a
1 , 8 , 10 , XPCBJJ+CMR10 , 9.963 , 190.003,504.784,193.905,514.747 , r
1 , 8 , 10 , XPCBJJ+CMR10 , 9.963 , 193.905,504.784,199.164,514.747 , y
1 , 8 , 10 , XPCBJJ+CMR10 , 9.963 , 198.337,504.784,201.104,514.747 , .
1 , 9 , 11 , SXMFFW+CMBX12 , 11.967 , 133.768,476.510,140.493,488.477 , 2
1 , 9 , 11 , SXMFFW+CMBX12 , 11.967 , 140.493,476.510,144.229,488.477 , .
1 , 9 , 11 , SXMFFW+CMBX12 , 11.967 , 144.229,476.510,150.954,488.477 , 2
1 , 9 , 11 , SXMFFW+CMBX12 , 11.967 , 164.403,476.510,174.919,488.477 , H
1 , 9 , 11 , SXMFFW+CMBX12 , 11.967 , 174.919,476.510,181.644,488.477 , 3
1 , 10 , 12 , XPCBJJ+CMR10 , 9.963 , 133.768,458.506,136.536,468.469 , l
1 , 10 , 12 , XPCBJJ+CMR10 , 9.963 , 136.536,458.506,139.303,468.469 , i
1 , 10 , 12 , XPCBJJ+CMR10 , 9.963 , 139.303,458.506,144.285,468.469 , g
1 , 10 , 12 , XPCBJJ+CMR10 , 9.963 , 144.285,458.506,149.820,468.469 , h
1 , 10 , 12 , XPCBJJ+CMR10 , 9.963 , 149.541,458.506,153.415,468.469 , t
1 , 10 , 12 , XPCBJJ+CMR10 , 9.963 , 153.136,458.506,160.331,468.469 , w
1 , 10 , 12 , XPCBJJ+CMR10 , 9.963 , 160.062,458.506,164.490,468.469 , e
1 , 10 , 12 , XPCBJJ+CMR10 , 9.963 , 164.490,458.506,167.257,468.469 , i
1 , 10 , 12 , XPCBJJ+CMR10 , 9.963 , 167.257,458.506,172.239,468.469 , g
1 , 10 , 12 , XPCBJJ+CMR10 , 9.963 , 172.239,458.506,177.774,468.469 , h
1 , 10 , 12 , XPCBJJ+CMR10 , 9.963 , 177.495,458.506,181.369,468.469 , t
1 , 10 , 12 , XPCBJJ+CMR10 , 9.963 , 183.860,458.506,190.640,468.469 , P
1 , 10 , 12 , XPCBJJ+CMR10 , 9.963 , 190.640,458.506,198.251,468.469 , D
1 , 10 , 12 , XPCBJJ+CMR10 , 9.963 , 198.251,458.506,204.755,468.469 , F
1 , 10 , 12 , XPCBJJ+CMR10 , 9.963 , 207.245,458.506,212.780,468.469 , d
1 , 10 , 12 , XPCBJJ+CMR10 , 9.963 , 212.780,458.506,217.762,468.469 , o
1 , 10 , 12 , XPCBJJ+CMR10 , 9.963 , 218.031,458.506,222.458,468.469 , c
1 , 10 , 12 , XPCBJJ+CMR10 , 9.963 , 222.468,458.506,228.003,468.469 , u
1 , 10 , 12 , XPCBJJ+CMR10 , 9.963 , 227.993,458.506,236.295,468.469 , m
1 , 10 , 12 , XPCBJJ+CMR10 , 9.963 , 236.305,458.506,240.732,468.469 , e
1 , 10 , 12 , XPCBJJ+CMR10 , 9.963 , 240.732,458.506,246.268,468.469 , n
1 , 10 , 12 , XPCBJJ+CMR10 , 9.963 , 245.989,458.506,249.863,468.469 , t
1 , 10 , 12 , XPCBJJ+CMR10 , 9.963 , 252.354,458.506,257.612,468.469 , v
1 , 10 , 12 , XPCBJJ+CMR10 , 9.963 , 257.612,458.506,260.380,468.469 , i
1 , 10 , 12 , XPCBJJ+CMR10 , 9.963 , 260.380,458.506,264.807,468.469 , e
1 , 10 , 12 , XPCBJJ+CMR10 , 9.963 , 264.807,458.506,272.002,468.469 , w
1 , 10 , 12 , XPCBJJ+CMR10 , 9.963 , 271.723,458.506,276.150,468.469 , e
1 , 10 , 12 , XPCBJJ+CMR10 , 9.963 , 276.150,458.506,280.053,468.469 , r
1 , 10 , 12 , XPCBJJ+CMR10 , 9.963 , 282.543,458.506,288.770,468.469 , L
1 , 10 , 12 , XPCBJJ+CMR10 , 9.963 , 288.770,458.506,291.538,468.469 , i
1 , 10 , 12 , XPCBJJ+CMR10 , 9.963 , 291.538,458.506,297.073,468.469 , b
1 , 10 , 12 , XPCBJJ+CMR10 , 9.963 , 297.073,458.506,300.975,468.469 , r
1 , 10 , 12 , XPCBJJ+CMR10 , 9.963 , 300.975,458.506,305.957,468.469 , a
1 , 10 , 12 , XPCBJJ+CMR10 , 9.963 , 305.957,458.506,309.859,468.469 , r
1 , 10 , 12 , XPCBJJ+CMR10 , 9.963 , 309.859,458.506,315.117,468.469 , y
1 , 10 , 12 , XPCBJJ+CMR10 , 9.963 , 317.608,458.506,320.652,468.469 , f
1 , 10 , 12 , XPCBJJ+CMR10 , 9.963 , 320.652,458.506,325.634,468.469 , o
1 , 10 , 12 , XPCBJJ+CMR10 , 9.963 , 325.634,458.506,329.536,468.469 , r
1 , 10 , 12 , XPCBJJ+CMR10 , 9.963 , 332.027,458.506,338.253,468.469 , L
1 , 10 , 12 , XPCBJJ+CMR10 , 9.963 , 338.253,458.506,341.021,468.469 , i
1 , 10 , 12 , XPCBJJ+CMR10 , 9.963 , 341.021,458.506,346.002,468.469 , g
1 , 10 , 12 , XPCBJJ+CMR10 , 9.963 , 346.002,458.506,351.537,468.469 , h
1 , 10 , 12 , XPCBJJ+CMR10 , 9.963 , 351.259,458.506,355.133,468.469 , t
1 , 10 , 12 , XPCBJJ+CMR10 , 9.963 , 354.854,458.506,362.049,468.469 , w
1 , 10 , 12 , XPCBJJ+CMR10 , 9.963 , 361.780,458.506,366.207,468.469 , e
1 , 10 , 12 , XPCBJJ+CMR10 , 9.963 , 366.207,458.506,368.975,468.469 , i
1 , 10 , 12 , XPCBJJ+CMR10 , 9.963 , 368.975,458.506,373.956,468.469 , g
1 , 10 , 12 , XPCBJJ+CMR10 , 9.963 , 373.956,458.506,379.492,468.469 , h
1 , 10 , 12 , XPCBJJ+CMR10 , 9.963 , 379.213,458.506,383.087,468.469 , t
1 , 10 , 12 , XPCBJJ+CMR10 , 9.963 , 385.578,458.506,392.358,468.469 , P
1 , 10 , 12 , XPCBJJ+CMR10 , 9.963 , 392.358,458.506,399.969,468.469 , D
1 , 10 , 12 , XPCBJJ+CMR10 , 9.963 , 399.969,458.506,406.472,468.469 , F
1 , 10 , 12 , XPCBJJ+CMR10 , 9.963 , 408.963,458.506,413.944,468.469 , a
1 , 10 , 12 , XPCBJJ+CMR10 , 9.963 , 413.944,458.506,419.479,468.469 , n
1 , 10 , 12 , XPCBJJ+CMR10 , 9.963 , 419.479,458.506,425.015,468.469 , d
1 , 10 , 12 , XPCBJJ+CMR10 , 9.963 , 427.505,458.506,434.977,468.469 , X
1 , 10 , 12 , XPCBJJ+CMR10 , 9.963 , 434.977,458.506,441.758,468.469 , P
1 , 10 , 12 , XPCBJJ+CMR10 , 9.963 , 441.758,458.506,447.293,468.469 , S
1 , 10 , 12 , XPCBJJ+CMR10 , 9.963 , 449.774,458.506,455.032,468.469 , v
1 , 10 , 12 , XPCBJJ+CMR10 , 9.963 , 455.032,458.506,457.800,468.469 , i
1 , 10 , 12 , XPCBJJ+CMR10 , 9.963 , 457.800,458.506,462.227,468.469 , e
1 , 10 , 12 , XPCBJJ+CMR10 , 9.963 , 462.227,458.506,469.422,468.469 , w
1 , 10 , 12 , XPCBJJ+CMR10 , 9.963 , 469.153,458.506,473.580,468.469 , e
1 , 10 , 12 , XPCBJJ+CMR10 , 9.963 , 473.580,458.506,477.483,468.469 , r
1 , 11 , 13 , SXMFFW+CMBX12 , 11.967 , 133.768,430.232,140.493,442.199 , 2
1 , 11 , 13 , SXMFFW+CMBX12 , 11.967 , 140.493,430.232,144.229,442.199 , .
1 , 11 , 13 , SXMFFW+CMBX12 , 11.967 , 144.229,430.232,150.954,442.199 , 3
1 , 11 , 13 , SXMFFW+CMBX12 , 11.967 , 164.403,430.232,174.919,442.199 , H
1 , 11 , 13 , SXMFFW+CMBX12 , 11.967 , 174.919,430.232,181.644,442.199 , 3
1 , 12 , 14 , XPCBJJ+CMR10 , 9.963 , 133.768,412.229,141.240,422.192 , H
1 , 12 , 14 , XPCBJJ+CMR10 , 9.963 , 141.240,412.229,145.667,422.192 , e
1 , 12 , 14 , XPCBJJ+CMR10 , 9.963 , 145.667,412.229,148.435,422.192 , l
1 , 12 , 14 , XPCBJJ+CMR10 , 9.963 , 148.435,412.229,151.203,422.192 , l
1 , 12 , 14 , XPCBJJ+CMR10 , 9.963 , 151.203,412.229,156.184,422.192 , o
1 , 12 , 14 , XPCBJJ+CMR10 , 9.963 , 158.665,412.229,166.413,422.192 , Q
1 , 12 , 14 , XPCBJJ+CMR10 , 9.963 , 166.413,412.229,171.395,422.192 , a
1 , 12 , 14 , XPCBJJ+CMR10 , 9.963 , 171.395,412.229,175.822,422.192 , z
1 , 12 , 14 , XPCBJJ+CMR10 , 9.963 , 175.822,412.229,178.590,422.192 , i
1 , 12 , 14 , XPCBJJ+CMR10 , 9.963 , 178.590,412.229,181.357,422.192 , .
1 , 12 , 14 , XPCBJJ+CMR10 , 9.963 , 185.502,412.229,190.483,422.192 , o
1 , 12 , 14 , XPCBJJ+CMR10 , 9.963 , 190.483,412.229,196.018,422.192 , p
1 , 12 , 14 , XPCBJJ+CMR10 , 9.963 , 196.297,412.229,200.725,422.192 , e
1 , 12 , 14 , XPCBJJ+CMR10 , 9.963 , 200.725,412.229,206.260,422.192 , n
1 , 12 , 14 , XPCBJJ+CMR10 , 9.963 , 206.260,412.229,211.241,422.192 , g
1 , 12 , 14 , XPCBJJ+CMR10 , 9.963 , 211.241,412.229,214.009,422.192 , l
1 , 12 , 14 , XPCBJJ+CMR10 , 9.963 , 216.489,412.229,221.471,422.192 , a
1 , 12 , 14 , XPCBJJ+CMR10 , 9.963 , 221.471,412.229,225.898,422.192 , c
1 , 12 , 14 , XPCBJJ+CMR10 , 9.963 , 225.898,412.229,230.326,422.192 , c
1 , 12 , 14 , XPCBJJ+CMR10 , 9.963 , 230.326,412.229,234.753,422.192 , e
1 , 12 , 14 , XPCBJJ+CMR10 , 9.963 , 234.753,412.229,237.521,422.192 , l
1 , 12 , 14 , XPCBJJ+CMR10 , 9.963 , 237.521,412.229,241.948,422.192 , e
1 , 12 , 14 , XPCBJJ+CMR10 , 9.963 , 241.948,412.229,245.850,422.192 , r
1 , 12 , 14 , XPCBJJ+CMR10 , 9.963 , 245.850,412.229,250.832,422.192 , a
1 , 12 , 14 , XPCBJJ+CMR10 , 9.963 , 250.832,412.229,254.706,422.192 , t
1 , 12 , 14 , XPCBJJ+CMR10 , 9.963 , 254.706,412.229,259.133,422.192 , e
1 , 12 , 14 , XPCBJJ+CMR10 , 9.963 , 259.133,412.229,264.669,422.192 , d
1 , 12 , 14 , XPCBJJ+CMR10 , 9.963 , 267.149,412.229,272.685,422.192 , p
1 , 12 , 14 , XPCBJJ+CMR10 , 9.963 , 272.963,412.229,278.499,422.192 , d
1 , 12 , 14 , XPCBJJ+CMR10 , 9.963 , 278.499,412.229,281.543,422.192 , f
1 , 12 , 14 , XPCBJJ+CMR10 , 9.963 , 284.024,412.229,289.282,422.192 , v
1 , 12 , 14 , XPCBJJ+CMR10 , 9.963 , 289.282,412.229,292.050,422.192 , i
1 , 12 , 14 , XPCBJJ+CMR10 , 9.963 , 292.050,412.229,296.477,422.192 , e
1 , 12 , 14 , XPCBJJ+CMR10 , 9.963 , 296.477,412.229,303.672,422.192 , w
1 , 12 , 14 , XPCBJJ+CMR10 , 9.963 , 303.393,412.229,307.821,422.192 , e
1 , 12 , 14 , XPCBJJ+CMR10 , 9.963 , 307.821,412.229,311.723,422.192 , r
1 , 12 , 14 , XPCBJJ+CMR10 , 9.963 , 314.204,412.229,319.739,422.192 , b
1 , 12 , 14 , XPCBJJ+CMR10 , 9.963 , 319.739,412.229,324.720,422.192 , a
1 , 12 , 14 , XPCBJJ+CMR10 , 9.963 , 324.720,412.229,328.649,422.192 , s
1 , 12 , 14 , XPCBJJ+CMR10 , 9.963 , 328.649,412.229,333.077,422.192 , e
1 , 12 , 14 , XPCBJJ+CMR10 , 9.963 , 333.077,412.229,338.612,422.192 , d
1 , 12 , 14 , XPCBJJ+CMR10 , 9.963 , 341.093,412.229,346.074,422.192 , o
1 , 12 , 14 , XPCBJJ+CMR10 , 9.963 , 346.074,412.229,351.609,422.192 , n
1 , 12 , 14 , XPCBJJ+CMR10 , 9.963 , 354.090,412.229,362.392,422.192 , m
1 , 12 , 14 , XPCBJJ+CMR10 , 9.963 , 362.113,412.229,367.648,422.192 , u
1 , 12 , 14 , XPCBJJ+CMR10 , 9.963 , 367.648,412.229,373.183,422.192 , p
1 , 12 , 14 , XPCBJJ+CMR10 , 9.963 , 373.462,412.229,378.997,422.192 , d
1 , 12 , 14 , XPCBJJ+CMR10 , 9.963 , 378.997,412.229,382.042,422.192 , f
1 , 12 , 14 , XPCBJJ+CMR10 , 9.963 , 384.513,412.229,390.739,422.192 , L
1 , 12 , 14 , XPCBJJ+CMR10 , 9.963 , 390.739,412.229,393.507,422.192 , i
1 , 12 , 14 , XPCBJJ+CMR10 , 9.963 , 393.507,412.229,398.488,422.192 , g
1 , 12 , 14 , XPCBJJ+CMR10 , 9.963 , 398.488,412.229,404.023,422.192 , h
1 , 12 , 14 , XPCBJJ+CMR10 , 9.963 , 403.754,412.229,407.629,422.192 , t
1 , 12 , 14 , XPCBJJ+CMR10 , 9.963 , 407.350,412.229,414.545,422.192 , w
1 , 12 , 14 , XPCBJJ+CMR10 , 9.963 , 414.266,412.229,418.693,422.192 , e
1 , 12 , 14 , XPCBJJ+CMR10 , 9.963 , 418.693,412.229,421.461,422.192 , i
1 , 12 , 14 , XPCBJJ+CMR10 , 9.963 , 421.461,412.229,426.442,422.192 , g
1 , 12 , 14 , XPCBJJ+CMR10 , 9.963 , 426.442,412.229,431.978,422.192 , h
1 , 12 , 14 , XPCBJJ+CMR10 , 9.963 , 431.699,412.229,435.573,422.192 , t
1 , 12 , 14 , XPCBJJ+CMR10 , 9.963 , 438.054,412.229,444.834,422.192 , P
1 , 12 , 14 , XPCBJJ+CMR10 , 9.963 , 444.834,412.229,452.445,422.192 , D
1 , 12 , 14 , XPCBJJ+CMR10 , 9.963 , 452.445,412.229,458.948,422.192 , F
1 , 12 , 14 , XPCBJJ+CMR10 , 9.963 , 461.429,412.229,466.410,422.192 , a
1 , 12 , 14 , XPCBJJ+CMR10 , 9.963 , 466.410,412.229,471.945,422.192 , n
1 , 12 , 14 , XPCBJJ+CMR10 , 9.963 , 471.945,412.229,477.481,422.192 , d
1 , 12 , 15 , XPCBJJ+CMR10 , 9.963 , 133.768,400.273,141.240,410.236 , X
1 , 12 , 15 , XPCBJJ+CMR10 , 9.963 , 141.240,400.273,148.020,410.236 , P
1 , 12 , 15 , XPCBJJ+CMR10 , 9.963 , 148.020,400.273,153.556,410.236 , S
1 , 12 , 15 , XPCBJJ+CMR10 , 9.963 , 156.544,400.273,161.803,410.236 , v
1 , 12 , 15 , XPCBJJ+CMR10 , 9.963 , 161.803,400.273,164.570,410.236 , i
1 , 12 , 15 , XPCBJJ+CMR10 , 9.963 , 164.570,400.273,168.998,410.236 , e
1 , 12 , 15 , XPCBJJ+CMR10 , 9.963 , 168.998,400.273,176.193,410.236 , w
1 , 12 , 15 , XPCBJJ+CMR10 , 9.963 , 175.914,400.273,180.341,410.236 , e
1 , 12 , 15 , XPCBJJ+CMR10 , 9.963 , 180.341,400.273,184.244,410.236 , r
1 , 12 , 15 , XPCBJJ+CMR10 , 9.963 , 187.232,400.273,193.459,410.236 , L
1 , 12 , 15 , XPCBJJ+CMR10 , 9.963 , 193.459,400.273,196.227,410.236 , i
1 , 12 , 15 , XPCBJJ+CMR10 , 9.963 , 196.227,400.273,201.208,410.236 , g
1 , 12 , 15 , XPCBJJ+CMR10 , 9.963 , 201.208,400.273,206.743,410.236 , h
1 , 12 , 15 , XPCBJJ+CMR10 , 9.963 , 206.474,400.273,210.349,410.236 , t
1 , 12 , 15 , XPCBJJ+CMR10 , 9.963 , 210.070,400.273,217.265,410.236 , w
1 , 12 , 15 , XPCBJJ+CMR10 , 9.963 , 216.986,400.273,221.413,410.236 , e
1 , 12 , 15 , XPCBJJ+CMR10 , 9.963 , 221.413,400.273,224.181,410.236 , i
1 , 12 , 15 , XPCBJJ+CMR10 , 9.963 , 224.181,400.273,229.162,410.236 , g
1 , 12 , 15 , XPCBJJ+CMR10 , 9.963 , 229.162,400.273,234.697,410.236 , h
1 , 12 , 15 , XPCBJJ+CMR10 , 9.963 , 234.418,400.273,238.293,410.236 , t
1 , 12 , 15 , XPCBJJ+CMR10 , 9.963 , 241.281,400.273,248.062,410.236 , P
1 , 12 , 15 , XPCBJJ+CMR10 , 9.963 , 248.062,400.273,255.672,410.236 , D
1 , 12 , 15 , XPCBJJ+CMR10 , 9.963 , 255.672,400.273,262.176,410.236 , F
1 , 12 , 15 , XPCBJJ+CMR10 , 9.963 , 265.175,400.273,270.156,410.236 , a
1 , 12 , 15 , XPCBJJ+CMR10 , 9.963 , 270.156,400.273,275.691,410.236 , n
1 , 12 , 15 , XPCBJJ+CMR10 , 9.963 , 275.681,400.273,281.216,410.236 , d
1 , 12 , 15 , XPCBJJ+CMR10 , 9.963 , 284.215,400.273,291.687,410.236 , X
1 , 12 , 15 , XPCBJJ+CMR10 , 9.963 , 291.687,400.273,298.468,410.236 , P
1 , 12 , 15 , XPCBJJ+CMR10 , 9.963 , 298.468,400.273,304.003,410.236 , S
1 , 12 , 15 , XPCBJJ+CMR10 , 9.963 , 306.992,400.273,312.250,410.236 , v
1 , 12 , 15 , XPCBJJ+CMR10 , 9.963 , 312.250,400.273,315.018,410.236 , i
1 , 12 , 15 , XPCBJJ+CMR10 , 9.963 , 315.018,400.273,319.445,410.236 , e
1 , 12 , 15 , XPCBJJ+CMR10 , 9.963 , 319.445,400.273,326.640,410.236 , w
1 , 12 , 15 , XPCBJJ+CMR10 , 9.963 , 326.361,400.273,330.788,410.236 , e
1 , 12 , 15 , XPCBJJ+CMR10 , 9.963 , 330.788,400.273,334.691,410.236 , r
1 , 12 , 15 , XPCBJJ+CMR10 , 9.963 , 337.680,400.273,344.874,410.236 , w
1 , 12 , 15 , XPCBJJ+CMR10 , 9.963 , 344.874,400.273,347.642,410.236 , i
1 , 12 , 15 , XPCBJJ+CMR10 , 9.963 , 347.642,400.273,351.517,410.236 , t
1 , 12 , 15 , XPCBJJ+CMR10 , 9.963 , 351.517,400.273,357.052,410.236 , h
1 , 12 , 15 , XPCBJJ+CMR10 , 9.963 , 360.041,400.273,367.789,410.236 , O
1 , 12 , 15 , XPCBJJ+CMR10 , 9.963 , 367.789,400.273,373.325,410.236 , p
1 , 12 , 15 , XPCBJJ+CMR10 , 9.963 , 373.604,400.273,378.031,410.236 , e
1 , 12 , 15 , XPCBJJ+CMR10 , 9.963 , 378.031,400.273,383.566,410.236 , n
1 , 12 , 15 , XPCBJJ+CMR10 , 9.963 , 383.566,400.273,391.384,410.236 , G
1 , 12 , 15 , XPCBJJ+CMR10 , 9.963 , 391.384,400.273,397.611,410.236 , L
1 , 12 , 15 , XPCBJJ+CMR10 , 9.963 , 400.599,400.273,406.135,410.236 , b
1 , 12 , 15 , XPCBJJ+CMR10 , 9.963 , 406.135,400.273,411.116,410.236 , a
1 , 12 , 15 , XPCBJJ+CMR10 , 9.963 , 411.116,400.273,415.543,410.236 , c
1 , 12 , 15 , XPCBJJ+CMR10 , 9.963 , 415.264,400.273,420.523,410.236 , k
1 , 12 , 15 , XPCBJJ+CMR10 , 9.963 , 420.244,400.273,424.671,410.236 , e
1 , 12 , 15 , XPCBJJ+CMR10 , 9.963 , 424.671,400.273,430.206,410.236 , n
1 , 12 , 15 , XPCBJJ+CMR10 , 9.963 , 430.206,400.273,435.741,410.236 , d
1 , 12 , 15 , XPCBJJ+CMR10 , 9.963 , 438.740,400.273,446.212,410.236 , U
1 , 12 , 15 , XPCBJJ+CMR10 , 9.963 , 446.212,400.273,451.747,410.236 , n
1 , 12 , 15 , XPCBJJ+CMR10 , 9.963 , 451.747,400.273,454.515,410.236 , i
1 , 12 , 15 , XPCBJJ+CMR10 , 9.963 , 454.505,400.273,458.932,410.236 , c
1 , 12 , 15 , XPCBJJ+CMR10 , 9.963 , 458.942,400.273,463.924,410.236 , o
1 , 12 , 15 , XPCBJJ+CMR10 , 9.963 , 464.193,400.273,469.728,410.236 , d
1 , 12 , 15 , XPCBJJ+CMR10 , 9.963 , 469.728,400.273,474.155,410.236 , e
1 , 12 , 15 , XPCBJJ+CMR10 , 9.963 , 474.155,400.273,477.476,410.236 , -
1 , 12 , 16 , XPCBJJ+CMR10 , 9.963 , 133.768,388.318,139.303,398.281 , b
1 , 12 , 16 , XPCBJJ+CMR10 , 9.963 , 139.303,388.318,144.285,398.281 , a
1 , 12 , 16 , XPCBJJ+CMR10 , 9.963 , 144.285,388.318,148.214,398.281 , s
1 , 12 , 16 , XPCBJJ+CMR10 , 9.963 , 148.214,388.318,152.641,398.281 , e
1 , 12 , 16 , XPCBJJ+CMR10 , 9.963 , 152.641,388.318,158.176,398.281 , d
1 , 12 , 16 , XPCBJJ+CMR10 , 9.963 , 158.176,388.318,160.944,398.281 , :
1 , 12 , 16 , XPCBJJ+CMR10 , 9.963 , 164.132,388.318,171.327,398.281 , T
1 , 12 , 16 , XPCBJJ+CMR10 , 9.963 , 170.490,388.318,174.918,398.281 , e
1 , 12 , 16 , XPCBJJ+CMR10 , 9.963 , 174.918,388.318,182.389,398.281 , X
1 , 12 , 16 , XPCBJJ+CMR10 , 9.963 , 182.389,388.318,185.710,398.281 , -
1 , 12 , 16 , XPCBJJ+CMR10 , 9.963 , 185.720,388.318,190.701,398.281 , a
1 , 12 , 16 , XPCBJJ+CMR10 , 9.963 , 190.422,388.318,197.617,398.281 , w
1 , 12 , 16 , XPCBJJ+CMR10 , 9.963 , 197.338,388.318,202.320,398.281 , a
1 , 12 , 16 , XPCBJJ+CMR10 , 9.963 , 202.320,388.318,206.222,398.281 , r
1 , 12 , 16 , XPCBJJ+CMR10 , 9.963 , 206.222,388.318,210.649,398.281 , e
1 , 12 , 16 , XPCBJJ+CMR10 , 9.963 , 213.798,388.318,218.225,398.281 , e
1 , 12 , 16 , XPCBJJ+CMR10 , 9.963 , 218.225,388.318,223.760,398.281 , d
1 , 12 , 16 , XPCBJJ+CMR10 , 9.963 , 223.760,388.318,226.528,398.281 , i
1 , 12 , 16 , XPCBJJ+CMR10 , 9.963 , 226.528,388.318,230.402,398.281 , t
1 , 12 , 16 , XPCBJJ+CMR10 , 9.963 , 230.402,388.318,235.384,398.281 , o
1 , 12 , 16 , XPCBJJ+CMR10 , 9.963 , 235.384,388.318,239.286,398.281 , r
1 , 12 , 16 , XPCBJJ+CMR10 , 9.963 , 242.444,388.318,249.639,398.281 , w
1 , 12 , 16 , XPCBJJ+CMR10 , 9.963 , 249.639,388.318,252.407,398.281 , i
1 , 12 , 16 , XPCBJJ+CMR10 , 9.963 , 252.407,388.318,256.281,398.281 , t
1 , 12 , 16 , XPCBJJ+CMR10 , 9.963 , 256.281,388.318,261.816,398.281 , h
1 , 12 , 16 , XPCBJJ+CMR10 , 9.963 , 264.964,388.318,267.732,398.281 , i
1 , 12 , 16 , XPCBJJ+CMR10 , 9.963 , 267.732,388.318,273.267,398.281 , n
1 , 12 , 16 , XPCBJJ+CMR10 , 9.963 , 272.988,388.318,276.863,398.281 , t
1 , 12 , 16 , XPCBJJ+CMR10 , 9.963 , 276.863,388.318,281.290,398.281 , e
1 , 12 , 16 , XPCBJJ+CMR10 , 9.963 , 281.290,388.318,286.271,398.281 , g
1 , 12 , 16 , XPCBJJ+CMR10 , 9.963 , 286.271,388.318,290.174,398.281 , r
1 , 12 , 16 , XPCBJJ+CMR10 , 9.963 , 290.174,388.318,295.155,398.281 , a
1 , 12 , 16 , XPCBJJ+CMR10 , 9.963 , 295.155,388.318,299.030,398.281 , t
1 , 12 , 16 , XPCBJJ+CMR10 , 9.963 , 299.030,388.318,303.457,398.281 , e
1 , 12 , 16 , XPCBJJ+CMR10 , 9.963 , 303.457,388.318,308.992,398.281 , d
1 , 12 , 16 , XPCBJJ+CMR10 , 9.963 , 312.140,388.318,318.921,398.281 , P
1 , 12 , 16 , XPCBJJ+CMR10 , 9.963 , 318.921,388.318,326.531,398.281 , D
1 , 12 , 16 , XPCBJJ+CMR10 , 9.963 , 326.531,388.318,333.035,398.281 , F
1 , 12 , 16 , XPCBJJ+CMR10 , 9.963 , 336.193,388.318,341.451,398.281 , v
1 , 12 , 16 , XPCBJJ+CMR10 , 9.963 , 341.451,388.318,344.219,398.281 , i
1 , 12 , 16 , XPCBJJ+CMR10 , 9.963 , 344.219,388.318,348.646,398.281 , e
1 , 12 , 16 , XPCBJJ+CMR10 , 9.963 , 348.646,388.318,355.841,398.281 , w
1 , 12 , 16 , XPCBJJ+CMR10 , 9.963 , 355.562,388.318,359.990,398.281 , e
1 , 12 , 16 , XPCBJJ+CMR10 , 9.963 , 359.990,388.318,363.892,398.281 , r
1 , 12 , 16 , XPCBJJ+CMR10 , 9.963 , 367.040,388.318,374.651,398.281 , D
1 , 12 , 16 , XPCBJJ+CMR10 , 9.963 , 374.651,388.318,379.632,398.281 , o
1 , 12 , 16 , XPCBJJ+CMR10 , 9.963 , 379.911,388.318,384.338,398.281 , c
1 , 12 , 16 , XPCBJJ+CMR10 , 9.963 , 384.338,388.318,389.874,398.281 , u
1 , 12 , 16 , XPCBJJ+CMR10 , 9.963 , 389.874,388.318,398.175,398.281 , m
1 , 12 , 16 , XPCBJJ+CMR10 , 9.963 , 398.175,388.318,402.603,398.281 , e
1 , 12 , 16 , XPCBJJ+CMR10 , 9.963 , 402.603,388.318,408.138,398.281 , n
1 , 12 , 16 , XPCBJJ+CMR10 , 9.963 , 407.859,388.318,411.734,398.281 , t
1 , 12 , 16 , XPCBJJ+CMR10 , 9.963 , 414.892,388.318,420.150,398.281 , v
1 , 12 , 16 , XPCBJJ+CMR10 , 9.963 , 420.150,388.318,422.918,398.281 , i
1 , 12 , 16 , XPCBJJ+CMR10 , 9.963 , 422.918,388.318,427.345,398.281 , e
1 , 12 , 16 , XPCBJJ+CMR10 , 9.963 , 427.345,388.318,434.540,398.281 , w
1 , 12 , 16 , XPCBJJ+CMR10 , 9.963 , 434.261,388.318,438.688,398.281 , e
1 , 12 , 16 , XPCBJJ+CMR10 , 9.963 , 438.688,388.318,442.591,398.281 , r
1 , 12 , 16 , XPCBJJ+CMR10 , 9.963 , 445.739,388.318,448.783,398.281 , f
1 , 12 , 16 , XPCBJJ+CMR10 , 9.963 , 448.783,388.318,453.765,398.281 , o
1 , 12 , 16 , XPCBJJ+CMR10 , 9.963 , 453.765,388.318,457.667,398.281 , r
1 , 12 , 16 , XPCBJJ+CMR10 , 9.963 , 460.815,388.318,466.350,398.281 , Ô¨Å
1 , 12 , 16 , XPCBJJ+CMR10 , 9.963 , 466.350,388.318,469.118,398.281 , l
1 , 12 , 16 , XPCBJJ+CMR10 , 9.963 , 469.118,388.318,473.545,398.281 , e
1 , 12 , 16 , XPCBJJ+CMR10 , 9.963 , 473.545,388.318,477.475,398.281 , s
1 , 12 , 17 , XPCBJJ+CMR10 , 9.963 , 133.768,376.363,136.536,386.326 , l
1 , 12 , 17 , XPCBJJ+CMR10 , 9.963 , 136.536,376.363,139.303,386.326 , i
1 , 12 , 17 , XPCBJJ+CMR10 , 9.963 , 139.303,376.363,144.561,386.326 , k
1 , 12 , 17 , XPCBJJ+CMR10 , 9.963 , 144.283,376.363,148.710,386.326 , e
1 , 12 , 17 , XPCBJJ+CMR10 , 9.963 , 152.037,376.363,158.818,386.326 , P
1 , 12 , 17 , XPCBJJ+CMR10 , 9.963 , 158.818,376.363,166.428,386.326 , D
1 , 12 , 17 , XPCBJJ+CMR10 , 9.963 , 166.428,376.363,172.932,386.326 , F
1 , 12 , 17 , XPCBJJ+CMR10 , 9.963 , 176.250,376.363,181.231,386.326 , a
1 , 12 , 17 , XPCBJJ+CMR10 , 9.963 , 181.231,376.363,186.766,386.326 , n
1 , 12 , 17 , XPCBJJ+CMR10 , 9.963 , 186.766,376.363,192.301,386.326 , d
1 , 12 , 17 , XPCBJJ+CMR10 , 9.963 , 195.619,376.363,202.399,386.326 , P
1 , 12 , 17 , XPCBJJ+CMR10 , 9.963 , 202.120,376.363,207.102,386.326 , o
1 , 12 , 17 , XPCBJJ+CMR10 , 9.963 , 207.102,376.363,211.031,386.326 , s
1 , 12 , 17 , XPCBJJ+CMR10 , 9.963 , 211.031,376.363,214.905,386.326 , t
1 , 12 , 17 , XPCBJJ+CMR10 , 9.963 , 214.905,376.363,218.835,386.326 , s
1 , 12 , 17 , XPCBJJ+CMR10 , 9.963 , 218.835,376.363,223.262,386.326 , c
1 , 12 , 17 , XPCBJJ+CMR10 , 9.963 , 223.262,376.363,227.164,386.326 , r
1 , 12 , 17 , XPCBJJ+CMR10 , 9.963 , 227.164,376.363,229.932,386.326 , i
1 , 12 , 17 , XPCBJJ+CMR10 , 9.963 , 229.932,376.363,235.467,386.326 , p
1 , 12 , 17 , XPCBJJ+CMR10 , 9.963 , 235.467,376.363,239.342,386.326 , t
1 , 12 , 17 , XPCBJJ+CMR10 , 9.963 , 239.342,376.363,242.109,386.326 , .
1 , 12 , 17 , XPCBJJ+CMR10 , 9.963 , 246.543,376.363,254.015,386.326 , X
1 , 12 , 17 , XPCBJJ+CMR10 , 9.963 , 254.015,376.363,257.335,386.326 , -
1 , 12 , 17 , XPCBJJ+CMR10 , 9.963 , 257.335,376.363,264.807,386.326 , A
1 , 12 , 17 , XPCBJJ+CMR10 , 9.963 , 264.807,376.363,270.342,386.326 , p
1 , 12 , 17 , XPCBJJ+CMR10 , 9.963 , 270.342,376.363,275.878,386.326 , p
1 , 12 , 17 , XPCBJJ+CMR10 , 9.963 , 275.878,376.363,279.807,386.326 , s
1 , 12 , 17 , XPCBJJ+CMR10 , 9.963 , 283.124,376.363,289.905,386.326 , P
1 , 12 , 17 , XPCBJJ+CMR10 , 9.963 , 289.905,376.363,293.807,386.326 , r
1 , 12 , 17 , XPCBJJ+CMR10 , 9.963 , 293.807,376.363,298.789,386.326 , o
1 , 12 , 17 , XPCBJJ+CMR10 , 9.963 , 299.346,376.363,302.391,386.326 , j
1 , 12 , 17 , XPCBJJ+CMR10 , 9.963 , 302.391,376.363,306.818,386.326 , e
1 , 12 , 17 , XPCBJJ+CMR10 , 9.963 , 306.818,376.363,311.246,386.326 , c
1 , 12 , 17 , XPCBJJ+CMR10 , 9.963 , 311.246,376.363,315.120,386.326 , t
1 , 12 , 17 , XPCBJJ+CMR10 , 9.963 , 315.120,376.363,317.888,386.326 , .
1 , 13 , 18 , XPCBJJ+CMR10 , 9.963 , 303.133,137.322,308.114,147.285 , 1
