,page,txtbox,textline,font,szie,x1,y1,x2,y2,char
0,1,0,1,SXMFFW+CMBX12,14.345999999999998,133.768,704.342,141.838,718.688,1
1,1,0,1,SXMFFW+CMBX12,14.345999999999998,157.977,704.342,170.59599999999998,718.688,H
2,1,0,1,SXMFFW+CMBX12,14.345999999999998,170.59599999999998,704.342,178.666,718.688,2
3,1,2,3,WMHEFG+CMR10,9.963,133.768,683.3710000000001,140.963,693.334,T
4,1,2,3,WMHEFG+CMR10,9.963,140.963,683.3710000000001,146.498,693.334,h
5,1,2,3,WMHEFG+CMR10,9.963,146.498,683.3710000000001,149.266,693.334,i
6,1,2,3,WMHEFG+CMR10,9.963,149.266,683.3710000000001,153.195,693.334,s
7,1,2,3,WMHEFG+CMR10,9.963,157.05100000000002,683.3710000000001,159.81799999999998,693.334,i
8,1,2,3,WMHEFG+CMR10,9.963,159.81799999999998,683.3710000000001,163.747,693.334,s
9,1,2,3,WMHEFG+CMR10,9.963,167.593,683.3710000000001,171.467,693.334,t
10,1,2,3,WMHEFG+CMR10,9.963,171.467,683.3710000000001,177.003,693.334,h
11,1,2,3,WMHEFG+CMR10,9.963,177.003,683.3710000000001,181.43,693.334,e
12,1,2,3,WMHEFG+CMR10,9.963,185.28599999999997,683.3710000000001,190.821,693.334,n
13,1,2,3,WMHEFG+CMR10,9.963,190.821,683.3710000000001,195.80200000000002,693.334,o
14,1,2,3,WMHEFG+CMR10,9.963,195.80200000000002,683.3710000000001,199.704,693.334,r
15,1,2,3,WMHEFG+CMR10,9.963,199.704,683.3710000000001,208.00599999999997,693.334,m
16,1,2,3,WMHEFG+CMR10,9.963,208.00599999999997,683.3710000000001,212.988,693.334,a
17,1,2,3,WMHEFG+CMR10,9.963,212.988,683.3710000000001,215.755,693.334,l
18,1,2,3,WMHEFG+CMR10,9.963,219.611,683.3710000000001,223.485,693.334,t
19,1,2,3,WMHEFG+CMR10,9.963,223.485,683.3710000000001,227.91299999999998,693.334,e
20,1,2,3,WMHEFG+CMR10,9.963,227.91299999999998,683.3710000000001,233.171,693.334,x
21,1,2,3,WMHEFG+CMR10,9.963,233.171,683.3710000000001,237.045,693.334,t
22,1,2,3,WMHEFG+CMR10,9.963,240.891,683.3710000000001,243.658,693.334,i
23,1,2,3,WMHEFG+CMR10,9.963,243.658,683.3710000000001,249.19400000000002,693.334,n
24,1,2,3,WMHEFG+CMR10,9.963,253.049,683.3710000000001,256.92400000000004,693.334,t
25,1,2,3,WMHEFG+CMR10,9.963,256.92400000000004,683.3710000000001,262.459,693.334,h
26,1,2,3,WMHEFG+CMR10,9.963,262.459,683.3710000000001,266.88599999999997,693.334,e
27,1,2,3,WMHEFG+CMR10,9.963,270.742,683.3710000000001,279.04400000000004,693.334,m
28,1,2,3,WMHEFG+CMR10,9.963,279.04400000000004,683.3710000000001,284.025,693.334,a
29,1,2,3,WMHEFG+CMR10,9.963,284.025,683.3710000000001,286.793,693.334,i
30,1,2,3,WMHEFG+CMR10,9.963,286.793,683.3710000000001,292.328,693.334,n
31,1,2,3,WMHEFG+CMR10,9.963,296.173,683.3710000000001,300.103,693.334,s
32,1,2,3,WMHEFG+CMR10,9.963,300.103,683.3710000000001,304.53,693.334,e
33,1,2,3,WMHEFG+CMR10,9.963,304.53,683.3710000000001,308.957,693.334,c
34,1,2,3,WMHEFG+CMR10,9.963,308.957,683.3710000000001,312.832,693.334,t
35,1,2,3,WMHEFG+CMR10,9.963,312.832,683.3710000000001,315.599,693.334,i
36,1,2,3,WMHEFG+CMR10,9.963,315.599,683.3710000000001,320.58099999999996,693.334,o
37,1,2,3,WMHEFG+CMR10,9.963,320.58099999999996,683.3710000000001,326.116,693.334,n
38,1,2,3,WMHEFG+CMR10,9.963,326.116,683.3710000000001,328.884,693.334,.
39,1,2,3,WMHEFG+CMR10,9.963,334.911,683.3710000000001,340.44599999999997,693.334,S
40,1,2,3,WMHEFG+CMR10,9.963,340.44599999999997,683.3710000000001,345.42699999999996,693.334,o
41,1,2,3,WMHEFG+CMR10,9.963,345.42699999999996,683.3710000000001,353.72900000000004,693.334,m
42,1,2,3,WMHEFG+CMR10,9.963,353.72900000000004,683.3710000000001,358.157,693.334,e
43,1,2,3,WMHEFG+CMR10,9.963,362.00199999999995,683.3710000000001,367.537,693.334,n
44,1,2,3,WMHEFG+CMR10,9.963,367.537,683.3710000000001,372.519,693.334,o
45,1,2,3,WMHEFG+CMR10,9.963,372.519,683.3710000000001,376.421,693.334,r
46,1,2,3,WMHEFG+CMR10,9.963,376.421,683.3710000000001,384.723,693.334,m
47,1,2,3,WMHEFG+CMR10,9.963,384.723,683.3710000000001,389.704,693.334,a
48,1,2,3,WMHEFG+CMR10,9.963,389.704,683.3710000000001,392.472,693.334,l
49,1,2,3,WMHEFG+CMR10,9.963,396.327,683.3710000000001,400.202,693.334,t
50,1,2,3,WMHEFG+CMR10,9.963,400.202,683.3710000000001,404.629,693.334,e
51,1,2,3,WMHEFG+CMR10,9.963,404.629,683.3710000000001,409.88699999999994,693.334,x
52,1,2,3,WMHEFG+CMR10,9.963,409.88699999999994,683.3710000000001,413.76199999999994,693.334,t
53,1,2,3,WMHEFG+CMR10,9.963,417.61699999999996,683.3710000000001,420.385,693.334,i
54,1,2,3,WMHEFG+CMR10,9.963,420.385,683.3710000000001,425.92,693.334,n
55,1,2,3,WMHEFG+CMR10,9.963,429.76599999999996,683.3710000000001,433.695,693.334,s
56,1,2,3,WMHEFG+CMR10,9.963,433.695,683.3710000000001,439.23,693.334,u
57,1,2,3,WMHEFG+CMR10,9.963,439.23,683.3710000000001,444.76599999999996,693.334,b
58,1,2,3,WMHEFG+CMR10,9.963,444.76599999999996,683.3710000000001,448.695,693.334,s
59,1,2,3,WMHEFG+CMR10,9.963,448.695,683.3710000000001,453.12199999999996,693.334,e
60,1,2,3,WMHEFG+CMR10,9.963,453.12199999999996,683.3710000000001,457.55,693.334,c
61,1,2,3,WMHEFG+CMR10,9.963,457.55,683.3710000000001,461.42400000000004,693.334,t
62,1,2,3,WMHEFG+CMR10,9.963,461.42400000000004,683.3710000000001,464.19199999999995,693.334,i
63,1,2,3,WMHEFG+CMR10,9.963,464.19199999999995,683.3710000000001,469.173,693.334,o
64,1,2,3,WMHEFG+CMR10,9.963,469.173,683.3710000000001,474.708,693.334,n
65,1,2,3,WMHEFG+CMR10,9.963,474.708,683.3710000000001,477.476,693.334,.
66,1,2,4,WMHEFG+CMR10,9.963,133.768,671.416,142.07,681.3789999999999,m
67,1,2,4,WMHEFG+CMR10,9.963,142.07,671.416,147.05100000000002,681.3789999999999,o
68,1,2,4,WMHEFG+CMR10,9.963,147.05100000000002,671.416,150.98,681.3789999999999,s
69,1,2,4,WMHEFG+CMR10,9.963,150.98,671.416,154.855,681.3789999999999,t
70,1,2,4,WMHEFG+CMR10,9.963,157.874,671.416,162.855,681.3789999999999,o
71,1,2,4,WMHEFG+CMR10,9.963,162.855,671.416,165.899,681.3789999999999,f
72,1,2,4,WMHEFG+CMR10,9.963,168.918,671.416,172.793,681.3789999999999,t
73,1,2,4,WMHEFG+CMR10,9.963,172.793,671.416,178.328,681.3789999999999,h
74,1,2,4,WMHEFG+CMR10,9.963,178.328,671.416,182.755,681.3789999999999,e
75,1,2,4,WMHEFG+CMR10,9.963,185.774,671.416,191.30900000000003,681.3789999999999,d
76,1,2,4,WMHEFG+CMR10,9.963,191.30900000000003,671.416,196.29,681.3789999999999,o
77,1,2,4,WMHEFG+CMR10,9.963,196.55900000000003,671.416,200.987,681.3789999999999,c
78,1,2,4,WMHEFG+CMR10,9.963,200.987,671.416,206.52200000000002,681.3789999999999,u
79,1,2,4,WMHEFG+CMR10,9.963,206.52200000000002,671.416,214.824,681.3789999999999,m
80,1,2,4,WMHEFG+CMR10,9.963,214.824,671.416,219.25099999999998,681.3789999999999,e
81,1,2,4,WMHEFG+CMR10,9.963,219.25099999999998,671.416,224.78599999999997,681.3789999999999,n
82,1,2,4,WMHEFG+CMR10,9.963,224.517,671.416,228.392,681.3789999999999,t
83,1,2,4,WMHEFG+CMR10,9.963,231.4,671.416,238.595,681.3789999999999,w
84,1,2,4,WMHEFG+CMR10,9.963,238.595,671.416,241.363,681.3789999999999,i
85,1,2,4,WMHEFG+CMR10,9.963,241.363,671.416,244.13099999999997,681.3789999999999,l
86,1,2,4,WMHEFG+CMR10,9.963,244.13099999999997,671.416,246.898,681.3789999999999,l
87,1,2,4,WMHEFG+CMR10,9.963,249.917,671.416,255.452,681.3789999999999,h
88,1,2,4,WMHEFG+CMR10,9.963,255.452,671.416,260.433,681.3789999999999,a
89,1,2,4,WMHEFG+CMR10,9.963,260.155,671.416,265.413,681.3789999999999,v
90,1,2,4,WMHEFG+CMR10,9.963,265.144,671.416,269.57099999999997,681.3789999999999,e
91,1,2,4,WMHEFG+CMR10,9.963,272.59,671.416,278.125,681.3789999999999,n
92,1,2,4,WMHEFG+CMR10,9.963,278.125,671.416,283.106,681.3789999999999,o
93,1,2,4,WMHEFG+CMR10,9.963,283.106,671.416,287.009,681.3789999999999,r
94,1,2,4,WMHEFG+CMR10,9.963,286.999,671.416,295.301,681.3789999999999,m
95,1,2,4,WMHEFG+CMR10,9.963,295.311,671.416,300.29200000000003,681.3789999999999,a
96,1,2,4,WMHEFG+CMR10,9.963,300.29200000000003,671.416,303.059,681.3789999999999,l
97,1,2,4,WMHEFG+CMR10,9.963,306.068,671.416,309.943,681.3789999999999,t
98,1,2,4,WMHEFG+CMR10,9.963,309.943,671.416,314.37,681.3789999999999,e
99,1,2,4,WMHEFG+CMR10,9.963,314.37,671.416,319.628,681.3789999999999,x
100,1,2,4,WMHEFG+CMR10,9.963,319.628,671.416,323.503,681.3789999999999,t
101,1,2,4,WMHEFG+CMR10,9.963,323.503,671.416,326.27,681.3789999999999,.
102,1,2,4,WMHEFG+CMR10,9.963,330.60400000000004,671.416,337.79900000000004,681.3789999999999,T
103,1,2,4,WMHEFG+CMR10,9.963,337.79900000000004,671.416,343.334,681.3789999999999,h
104,1,2,4,WMHEFG+CMR10,9.963,343.334,671.416,346.102,681.3789999999999,i
105,1,2,4,WMHEFG+CMR10,9.963,346.102,671.416,350.031,681.3789999999999,s
106,1,2,4,WMHEFG+CMR10,9.963,353.04,671.416,356.969,681.3789999999999,s
107,1,2,4,WMHEFG+CMR10,9.963,356.97900000000004,671.416,361.406,681.3789999999999,e
108,1,2,4,WMHEFG+CMR10,9.963,361.406,671.416,365.834,681.3789999999999,c
109,1,2,4,WMHEFG+CMR10,9.963,365.834,671.416,369.708,681.3789999999999,t
110,1,2,4,WMHEFG+CMR10,9.963,369.708,671.416,372.476,681.3789999999999,i
111,1,2,4,WMHEFG+CMR10,9.963,372.476,671.416,377.457,681.3789999999999,o
112,1,2,4,WMHEFG+CMR10,9.963,377.457,671.416,382.99199999999996,681.3789999999999,n
113,1,2,4,WMHEFG+CMR10,9.963,386.001,671.416,388.769,681.3789999999999,i
114,1,2,4,WMHEFG+CMR10,9.963,388.769,671.416,392.69800000000004,681.3789999999999,s
115,1,2,4,WMHEFG+CMR10,9.963,395.717,671.416,401.25199999999995,681.3789999999999,h
116,1,2,4,WMHEFG+CMR10,9.963,401.25199999999995,671.416,405.67900000000003,681.3789999999999,e
117,1,2,4,WMHEFG+CMR10,9.963,405.67900000000003,671.416,410.661,681.3789999999999,a
118,1,2,4,WMHEFG+CMR10,9.963,410.661,671.416,416.19599999999997,681.3789999999999,d
119,1,2,4,WMHEFG+CMR10,9.963,416.19599999999997,671.416,418.963,681.3789999999999,i
120,1,2,4,WMHEFG+CMR10,9.963,418.963,671.416,424.499,681.3789999999999,n
121,1,2,4,WMHEFG+CMR10,9.963,424.499,671.416,429.48,681.3789999999999,g
122,1,2,4,WMHEFG+CMR10,9.963,432.499,671.416,435.26599999999996,681.3789999999999,l
123,1,2,4,WMHEFG+CMR10,9.963,435.26599999999996,671.416,439.694,681.3789999999999,e
124,1,2,4,WMHEFG+CMR10,9.963,439.694,671.416,444.952,681.3789999999999,v
125,1,2,4,WMHEFG+CMR10,9.963,444.673,671.416,449.1,681.3789999999999,e
126,1,2,4,WMHEFG+CMR10,9.963,449.1,671.416,451.86800000000005,681.3789999999999,l
127,1,2,4,WMHEFG+CMR10,9.963,454.88699999999994,671.416,459.86800000000005,681.3789999999999,2
128,1,2,4,WMHEFG+CMR10,9.963,459.86800000000005,671.416,462.635,681.3789999999999,.
129,1,2,4,WMHEFG+CMR10,9.963,466.959,671.416,472.494,681.3789999999999,S
130,1,2,4,WMHEFG+CMR10,9.963,472.494,671.416,477.476,681.3789999999999,o
131,1,2,5,WMHEFG+CMR10,9.963,133.768,659.461,137.642,669.424,t
132,1,2,5,WMHEFG+CMR10,9.963,137.642,659.461,143.178,669.424,h
133,1,2,5,WMHEFG+CMR10,9.963,143.178,659.461,145.945,669.424,i
134,1,2,5,WMHEFG+CMR10,9.963,145.945,659.461,149.875,669.424,s
135,1,2,5,WMHEFG+CMR10,9.963,153.192,659.461,155.96,669.424,i
136,1,2,5,WMHEFG+CMR10,9.963,155.96,659.461,159.889,669.424,s
137,1,2,5,WMHEFG+CMR10,9.963,163.216,659.461,167.146,669.424,s
138,1,2,5,WMHEFG+CMR10,9.963,167.146,659.461,172.127,669.424,o
139,1,2,5,WMHEFG+CMR10,9.963,172.127,659.461,180.429,669.424,m
140,1,2,5,WMHEFG+CMR10,9.963,180.429,659.461,184.856,669.424,e
141,1,2,5,WMHEFG+CMR10,9.963,188.174,659.461,192.048,669.424,t
142,1,2,5,WMHEFG+CMR10,9.963,192.048,659.461,196.476,669.424,e
143,1,2,5,WMHEFG+CMR10,9.963,196.476,659.461,201.734,669.424,x
144,1,2,5,WMHEFG+CMR10,9.963,201.734,659.461,205.608,669.424,t
145,1,2,5,WMHEFG+CMR10,9.963,208.93599999999998,659.461,211.703,669.424,i
146,1,2,5,WMHEFG+CMR10,9.963,211.69299999999998,659.461,217.229,669.424,n
147,1,2,5,WMHEFG+CMR10,9.963,220.55599999999998,659.461,224.43099999999998,669.424,t
148,1,2,5,WMHEFG+CMR10,9.963,224.43099999999998,659.461,229.96599999999998,669.424,h
149,1,2,5,WMHEFG+CMR10,9.963,229.96599999999998,659.461,232.733,669.424,i
150,1,2,5,WMHEFG+CMR10,9.963,232.733,659.461,236.66299999999998,669.424,s
151,1,2,5,WMHEFG+CMR10,9.963,239.98,659.461,243.91,669.424,s
152,1,2,5,WMHEFG+CMR10,9.963,243.91,659.461,248.33700000000002,669.424,e
153,1,2,5,WMHEFG+CMR10,9.963,248.33700000000002,659.461,252.764,669.424,c
154,1,2,5,WMHEFG+CMR10,9.963,252.764,659.461,256.639,669.424,t
155,1,2,5,WMHEFG+CMR10,9.963,256.639,659.461,259.406,669.424,i
156,1,2,5,WMHEFG+CMR10,9.963,259.406,659.461,264.388,669.424,o
157,1,2,5,WMHEFG+CMR10,9.963,264.388,659.461,269.923,669.424,n
158,1,2,5,WMHEFG+CMR10,9.963,269.923,659.461,272.69,669.424,.
159,1,1,2,SXMFFW+CMBX12,11.955,133.768,631.186,140.493,643.141,1
160,1,1,2,SXMFFW+CMBX12,11.955,140.493,631.186,144.22899999999998,643.141,.
161,1,1,2,SXMFFW+CMBX12,11.955,144.22899999999998,631.186,150.954,643.141,1
162,1,1,2,SXMFFW+CMBX12,11.955,164.403,631.186,174.919,643.141,H
163,1,1,2,SXMFFW+CMBX12,11.955,174.919,631.186,181.644,643.141,3
164,1,3,6,WMHEFG+CMR10,9.963,133.768,613.183,140.963,623.146,T
165,1,3,6,WMHEFG+CMR10,9.963,140.136,613.183,145.11700000000002,623.146,o
166,1,3,6,WMHEFG+CMR10,9.963,145.39600000000002,613.183,150.378,623.146,o
167,1,3,6,WMHEFG+CMR10,9.963,150.378,613.183,153.145,623.146,l
168,1,3,6,WMHEFG+CMR10,9.963,153.135,613.183,157.065,623.146,s
169,1,3,6,WMHEFG+CMR10,9.963,161.249,613.183,164.293,623.146,f
170,1,3,6,WMHEFG+CMR10,9.963,164.293,613.183,169.275,623.146,o
171,1,3,6,WMHEFG+CMR10,9.963,169.275,613.183,173.17700000000002,623.146,r
172,1,3,6,WMHEFG+CMR10,9.963,177.361,613.183,183.588,623.146,L
173,1,3,6,WMHEFG+CMR10,9.963,183.588,613.183,186.356,623.146,i
174,1,3,6,WMHEFG+CMR10,9.963,186.356,613.183,191.33700000000002,623.146,g
175,1,3,6,WMHEFG+CMR10,9.963,191.33700000000002,613.183,196.872,623.146,h
176,1,3,6,WMHEFG+CMR10,9.963,196.593,613.183,200.468,623.146,t
177,1,3,6,WMHEFG+CMR10,9.963,200.18900000000002,613.183,207.38400000000001,623.146,w
178,1,3,6,WMHEFG+CMR10,9.963,207.105,613.183,211.532,623.146,e
179,1,3,6,WMHEFG+CMR10,9.963,211.542,613.183,214.31,623.146,i
180,1,3,6,WMHEFG+CMR10,9.963,214.31,613.183,219.291,623.146,g
181,1,3,6,WMHEFG+CMR10,9.963,219.291,613.183,224.826,623.146,h
182,1,3,6,WMHEFG+CMR10,9.963,224.547,613.183,228.422,623.146,t
183,1,3,6,WMHEFG+CMR10,9.963,232.59599999999998,613.183,239.377,623.146,P
184,1,3,6,WMHEFG+CMR10,9.963,239.377,613.183,246.987,623.146,D
185,1,3,6,WMHEFG+CMR10,9.963,246.987,613.183,253.49099999999999,623.146,F
186,1,3,6,WMHEFG+CMR10,9.963,257.675,613.183,262.656,623.146,a
187,1,3,6,WMHEFG+CMR10,9.963,262.656,613.183,268.191,623.146,n
188,1,3,6,WMHEFG+CMR10,9.963,268.191,613.183,273.72700000000003,623.146,d
189,1,3,6,WMHEFG+CMR10,9.963,277.911,613.183,285.383,623.146,X
190,1,3,6,WMHEFG+CMR10,9.963,285.383,613.183,292.163,623.146,P
191,1,3,6,WMHEFG+CMR10,9.963,292.163,613.183,297.699,623.146,S
192,1,3,6,WMHEFG+CMR10,9.963,301.873,613.183,307.131,623.146,v
193,1,3,6,WMHEFG+CMR10,9.963,307.131,613.183,309.899,623.146,i
194,1,3,6,WMHEFG+CMR10,9.963,309.899,613.183,314.32599999999996,623.146,e
195,1,3,6,WMHEFG+CMR10,9.963,314.32599999999996,613.183,321.52099999999996,623.146,w
196,1,3,6,WMHEFG+CMR10,9.963,321.242,613.183,325.67,623.146,e
197,1,3,6,WMHEFG+CMR10,9.963,325.67,613.183,329.57199999999995,623.146,r
198,1,3,6,WMHEFG+CMR10,9.963,333.756,613.183,341.228,623.146,A
199,1,3,6,WMHEFG+CMR10,9.963,345.412,613.183,349.287,623.146,t
200,1,3,6,WMHEFG+CMR10,9.963,349.287,613.183,354.26800000000003,623.146,a
201,1,3,6,WMHEFG+CMR10,9.963,354.26800000000003,613.183,359.80300000000005,623.146,b
202,1,3,6,WMHEFG+CMR10,9.963,359.80300000000005,613.183,365.339,623.146,b
203,1,3,6,WMHEFG+CMR10,9.963,365.608,613.183,370.035,623.146,e
204,1,3,6,WMHEFG+CMR10,9.963,370.035,613.183,375.57,623.146,d
205,1,3,6,WMHEFG+CMR10,9.963,379.755,613.183,386.535,623.146,P
206,1,3,6,WMHEFG+CMR10,9.963,386.535,613.183,394.14599999999996,623.146,D
207,1,3,6,WMHEFG+CMR10,9.963,394.14599999999996,613.183,400.649,623.146,F
208,1,3,6,WMHEFG+CMR10,9.963,404.833,613.183,410.092,623.146,v
209,1,3,6,WMHEFG+CMR10,9.963,410.092,613.183,412.85900000000004,623.146,i
210,1,3,6,WMHEFG+CMR10,9.963,412.85900000000004,613.183,417.287,623.146,e
211,1,3,6,WMHEFG+CMR10,9.963,417.287,613.183,424.48199999999997,623.146,w
212,1,3,6,WMHEFG+CMR10,9.963,424.20300000000003,613.183,428.63,623.146,e
213,1,3,6,WMHEFG+CMR10,9.963,428.63,613.183,432.532,623.146,r
214,1,3,6,WMHEFG+CMR10,9.963,436.717,613.183,442.25199999999995,623.146,u
215,1,3,6,WMHEFG+CMR10,9.963,442.25199999999995,613.183,446.181,623.146,s
216,1,3,6,WMHEFG+CMR10,9.963,446.181,613.183,448.949,623.146,i
217,1,3,6,WMHEFG+CMR10,9.963,448.949,613.183,454.48400000000004,623.146,n
218,1,3,6,WMHEFG+CMR10,9.963,454.48400000000004,613.183,459.465,623.146,g
219,1,3,6,WMHEFG+CMR10,9.963,463.64,613.183,467.514,623.146,t
220,1,3,6,WMHEFG+CMR10,9.963,467.514,613.183,473.04900000000004,623.146,h
221,1,3,6,WMHEFG+CMR10,9.963,473.04900000000004,613.183,477.477,623.146,e
222,1,3,7,WMHEFG+CMR10,9.963,133.768,601.2280000000001,139.303,611.191,p
223,1,3,7,WMHEFG+CMR10,9.963,139.582,601.2280000000001,144.563,611.191,o
224,1,3,7,WMHEFG+CMR10,9.963,144.563,601.2280000000001,150.099,611.191,p
225,1,3,7,WMHEFG+CMR10,9.963,150.099,601.2280000000001,155.634,611.191,p
226,1,3,7,WMHEFG+CMR10,9.963,155.634,601.2280000000001,158.40200000000002,611.191,l
227,1,3,7,WMHEFG+CMR10,9.963,158.40200000000002,601.2280000000001,162.829,611.191,e
228,1,3,7,WMHEFG+CMR10,9.963,162.829,601.2280000000001,166.731,611.191,r
229,1,3,7,WMHEFG+CMR10,9.963,169.262,601.2280000000001,172.02900000000002,611.191,l
230,1,3,7,WMHEFG+CMR10,9.963,172.02900000000002,601.2280000000001,174.797,611.191,i
231,1,3,7,WMHEFG+CMR10,9.963,174.797,601.2280000000001,180.332,611.191,b
232,1,3,7,WMHEFG+CMR10,9.963,180.332,601.2280000000001,184.235,611.191,r
233,1,3,7,WMHEFG+CMR10,9.963,184.235,601.2280000000001,189.21599999999998,611.191,a
234,1,3,7,WMHEFG+CMR10,9.963,189.21599999999998,601.2280000000001,193.118,611.191,r
235,1,3,7,WMHEFG+CMR10,9.963,193.118,601.2280000000001,198.37599999999998,611.191,y
236,1,3,7,WMHEFG+CMR10,9.963,197.55,601.2280000000001,200.317,611.191,.
237,1,3,7,WMHEFG+CMR10,9.963,204.482,601.2280000000001,207.24900000000002,611.191,l
238,1,3,7,WMHEFG+CMR10,9.963,207.24900000000002,601.2280000000001,210.017,611.191,i
239,1,3,7,WMHEFG+CMR10,9.963,210.017,601.2280000000001,214.998,611.191,g
240,1,3,7,WMHEFG+CMR10,9.963,214.998,601.2280000000001,220.533,611.191,h
241,1,3,7,WMHEFG+CMR10,9.963,220.25400000000002,601.2280000000001,224.12900000000002,611.191,t
242,1,3,7,WMHEFG+CMR10,9.963,223.85,601.2280000000001,231.045,611.191,w
243,1,3,7,WMHEFG+CMR10,9.963,230.766,601.2280000000001,235.19299999999998,611.191,e
244,1,3,7,WMHEFG+CMR10,9.963,235.19299999999998,601.2280000000001,237.96099999999998,611.191,i
245,1,3,7,WMHEFG+CMR10,9.963,237.96099999999998,601.2280000000001,242.942,611.191,g
246,1,3,7,WMHEFG+CMR10,9.963,242.942,601.2280000000001,248.477,611.191,h
247,1,3,7,WMHEFG+CMR10,9.963,248.19799999999998,601.2280000000001,252.07299999999998,611.191,t
248,1,3,7,WMHEFG+CMR10,9.963,254.613,601.2280000000001,261.394,611.191,P
249,1,3,7,WMHEFG+CMR10,9.963,261.394,601.2280000000001,269.004,611.191,D
250,1,3,7,WMHEFG+CMR10,9.963,269.004,601.2280000000001,275.508,611.191,F
251,1,3,7,WMHEFG+CMR10,9.963,278.038,601.2280000000001,283.574,611.191,d
252,1,3,7,WMHEFG+CMR10,9.963,283.574,601.2280000000001,288.555,611.191,o
253,1,3,7,WMHEFG+CMR10,9.963,288.834,601.2280000000001,293.26099999999997,611.191,c
254,1,3,7,WMHEFG+CMR10,9.963,293.26099999999997,601.2280000000001,298.796,611.191,u
255,1,3,7,WMHEFG+CMR10,9.963,298.796,601.2280000000001,307.098,611.191,m
256,1,3,7,WMHEFG+CMR10,9.963,307.098,601.2280000000001,311.526,611.191,e
257,1,3,7,WMHEFG+CMR10,9.963,311.526,601.2280000000001,317.061,611.191,n
258,1,3,7,WMHEFG+CMR10,9.963,316.782,601.2280000000001,320.656,611.191,t
259,1,3,7,WMHEFG+CMR10,9.963,323.187,601.2280000000001,328.445,611.191,v
260,1,3,7,WMHEFG+CMR10,9.963,328.445,601.2280000000001,331.213,611.191,i
261,1,3,7,WMHEFG+CMR10,9.963,331.213,601.2280000000001,335.64,611.191,e
262,1,3,7,WMHEFG+CMR10,9.963,335.64,601.2280000000001,342.835,611.191,w
263,1,3,7,WMHEFG+CMR10,9.963,342.566,601.2280000000001,346.994,611.191,e
264,1,3,7,WMHEFG+CMR10,9.963,346.994,601.2280000000001,350.89599999999996,611.191,r
265,1,3,7,WMHEFG+CMR10,9.963,353.426,601.2280000000001,359.653,611.191,L
266,1,3,7,WMHEFG+CMR10,9.963,359.653,601.2280000000001,362.421,611.191,i
267,1,3,7,WMHEFG+CMR10,9.963,362.421,601.2280000000001,367.95599999999996,611.191,b
268,1,3,7,WMHEFG+CMR10,9.963,367.95599999999996,601.2280000000001,371.858,611.191,r
269,1,3,7,WMHEFG+CMR10,9.963,371.858,601.2280000000001,376.839,611.191,a
270,1,3,7,WMHEFG+CMR10,9.963,376.839,601.2280000000001,380.74199999999996,611.191,r
271,1,3,7,WMHEFG+CMR10,9.963,380.74199999999996,601.2280000000001,386.0,611.191,y
272,1,3,7,WMHEFG+CMR10,9.963,388.531,601.2280000000001,391.575,611.191,f
273,1,3,7,WMHEFG+CMR10,9.963,391.575,601.2280000000001,396.556,611.191,o
274,1,3,7,WMHEFG+CMR10,9.963,396.556,601.2280000000001,400.459,611.191,r
275,1,3,7,WMHEFG+CMR10,9.963,402.98900000000003,601.2280000000001,409.216,611.191,L
276,1,3,7,WMHEFG+CMR10,9.963,409.216,601.2280000000001,411.98400000000004,611.191,i
277,1,3,7,WMHEFG+CMR10,9.963,411.98400000000004,601.2280000000001,416.965,611.191,g
278,1,3,7,WMHEFG+CMR10,9.963,416.965,601.2280000000001,422.5,611.191,h
279,1,3,7,WMHEFG+CMR10,9.963,422.231,601.2280000000001,426.106,611.191,t
280,1,3,7,WMHEFG+CMR10,9.963,425.827,601.2280000000001,433.022,611.191,w
281,1,3,7,WMHEFG+CMR10,9.963,432.74300000000005,601.2280000000001,437.17,611.191,e
282,1,3,7,WMHEFG+CMR10,9.963,437.17,601.2280000000001,439.93800000000005,611.191,i
283,1,3,7,WMHEFG+CMR10,9.963,439.93800000000005,601.2280000000001,444.91900000000004,611.191,g
284,1,3,7,WMHEFG+CMR10,9.963,444.91900000000004,601.2280000000001,450.454,611.191,h
285,1,3,7,WMHEFG+CMR10,9.963,450.175,601.2280000000001,454.05,611.191,t
286,1,3,7,WMHEFG+CMR10,9.963,456.59,601.2280000000001,463.371,611.191,P
287,1,3,7,WMHEFG+CMR10,9.963,463.371,601.2280000000001,470.981,611.191,D
288,1,3,7,WMHEFG+CMR10,9.963,470.981,601.2280000000001,477.485,611.191,F
289,1,3,8,WMHEFG+CMR10,9.963,133.768,589.273,138.749,599.236,a
290,1,3,8,WMHEFG+CMR10,9.963,138.749,589.273,144.285,599.236,n
291,1,3,8,WMHEFG+CMR10,9.963,144.285,589.273,149.82,599.236,d
292,1,3,8,WMHEFG+CMR10,9.963,153.137,589.273,160.609,599.236,X
293,1,3,8,WMHEFG+CMR10,9.963,160.609,589.273,167.39,599.236,P
294,1,3,8,WMHEFG+CMR10,9.963,167.39,589.273,172.925,599.236,S
295,1,3,8,WMHEFG+CMR10,9.963,176.253,589.273,181.511,599.236,v
296,1,3,8,WMHEFG+CMR10,9.963,181.511,589.273,184.278,599.236,i
297,1,3,8,WMHEFG+CMR10,9.963,184.278,589.273,188.706,599.236,e
298,1,3,8,WMHEFG+CMR10,9.963,188.706,589.273,195.90099999999998,599.236,w
299,1,3,8,WMHEFG+CMR10,9.963,195.622,589.273,200.049,599.236,e
300,1,3,8,WMHEFG+CMR10,9.963,200.049,589.273,203.952,599.236,r
301,1,4,9,WMHEFG+CMR10,9.963,219.585,569.547,225.12,579.51,n
302,1,4,9,WMHEFG+CMR10,9.963,225.12,569.547,230.102,579.51,o
303,1,4,9,WMHEFG+CMR10,9.963,230.102,569.547,234.00400000000002,579.51,r
304,1,4,9,WMHEFG+CMR10,9.963,234.00400000000002,569.547,242.30599999999998,579.51,m
305,1,4,9,WMHEFG+CMR10,9.963,242.30599999999998,569.547,247.287,579.51,a
306,1,4,9,WMHEFG+CMR10,9.963,247.287,569.547,250.055,579.51,l
307,1,5,10,WMHEFG+CMR10,9.963,272.955,569.547,281.257,579.51,m
308,1,5,10,WMHEFG+CMR10,9.963,280.978,569.547,286.513,579.51,u
309,1,5,10,WMHEFG+CMR10,9.963,286.513,569.547,290.388,579.51,t
310,1,5,10,WMHEFG+CMR10,9.963,290.388,569.547,293.155,579.51,l
311,1,5,10,WMHEFG+CMR10,9.963,293.155,569.547,297.03,579.51,t
312,1,5,10,WMHEFG+CMR10,9.963,297.03,569.547,299.797,579.51,i
313,1,5,10,WMHEFG+CMR10,9.963,303.115,569.547,310.31,579.51,w
314,1,5,10,WMHEFG+CMR10,9.963,310.041,569.547,315.022,579.51,o
315,1,5,10,WMHEFG+CMR10,9.963,315.022,569.547,318.92400000000004,579.51,r
316,1,5,10,WMHEFG+CMR10,9.963,318.92400000000004,569.547,324.46,579.51,d
317,1,8,15,WMHEFG+CMR10,9.963,336.411,569.547,341.392,579.51,a
318,1,8,15,WMHEFG+CMR10,9.963,341.392,569.547,346.92800000000005,579.51,n
319,1,8,15,WMHEFG+CMR10,9.963,346.92800000000005,569.547,352.463,579.51,d
320,1,8,15,WMHEFG+CMR10,9.963,355.78,569.547,359.655,579.51,t
321,1,8,15,WMHEFG+CMR10,9.963,359.655,569.547,365.19,579.51,h
322,1,8,15,WMHEFG+CMR10,9.963,365.19,569.547,369.61699999999996,579.51,e
323,1,8,15,WMHEFG+CMR10,9.963,369.61699999999996,569.547,373.52,579.51,r
324,1,8,15,WMHEFG+CMR10,9.963,373.52,569.547,377.94699999999995,579.51,e
325,1,8,15,WMHEFG+CMR10,9.963,381.275,569.547,388.47,579.51,w
326,1,8,15,WMHEFG+CMR10,9.963,388.191,569.547,393.17199999999997,579.51,o
327,1,8,15,WMHEFG+CMR10,9.963,393.17199999999997,569.547,397.074,579.51,r
328,1,8,15,WMHEFG+CMR10,9.963,397.074,569.547,402.60900000000004,579.51,d
329,1,6,11,WMHEFG+CMR10,9.963,208.64,557.193,213.62099999999998,567.156,a
330,1,6,11,WMHEFG+CMR10,9.963,213.62099999999998,557.193,219.157,567.156,n
331,1,6,11,WMHEFG+CMR10,9.963,219.157,557.193,224.138,567.156,o
332,1,6,11,WMHEFG+CMR10,9.963,224.138,557.193,228.012,567.156,t
333,1,6,11,WMHEFG+CMR10,9.963,228.012,557.193,233.547,567.156,h
334,1,6,11,WMHEFG+CMR10,9.963,233.547,557.193,237.975,567.156,e
335,1,6,11,WMHEFG+CMR10,9.963,237.975,557.193,241.877,567.156,r
336,1,6,11,WMHEFG+CMR10,9.963,245.195,557.193,249.097,567.156,r
337,1,6,11,WMHEFG+CMR10,9.963,249.097,557.193,254.078,567.156,o
338,1,6,11,WMHEFG+CMR10,9.963,253.799,557.193,260.994,567.156,w
339,1,7,13,WMHEFG+CMR10,9.963,292.188,557.193,296.062,567.156,t
340,1,7,13,WMHEFG+CMR10,9.963,296.062,557.193,299.965,567.156,r
341,1,7,13,WMHEFG+CMR10,9.963,299.965,557.193,305.223,567.156,y
342,1,8,16,WMHEFG+CMR10,9.963,337.657,557.193,343.19199999999995,567.156,d
343,1,8,16,WMHEFG+CMR10,9.963,343.19199999999995,557.193,347.62,567.156,e
344,1,8,16,WMHEFG+CMR10,9.963,347.62,557.193,352.04699999999997,567.156,c
345,1,8,16,WMHEFG+CMR10,9.963,352.04699999999997,557.193,355.921,567.156,t
346,1,8,16,WMHEFG+CMR10,9.963,355.921,557.193,360.349,567.156,e
347,1,8,16,WMHEFG+CMR10,9.963,360.349,557.193,364.776,567.156,c
348,1,8,16,WMHEFG+CMR10,9.963,364.776,557.193,368.651,567.156,t
349,1,8,16,WMHEFG+CMR10,9.963,368.651,557.193,371.418,567.156,i
350,1,8,16,WMHEFG+CMR10,9.963,371.418,557.193,376.95300000000003,567.156,n
351,1,8,16,WMHEFG+CMR10,9.963,376.95300000000003,557.193,381.935,567.156,g
352,1,8,16,WMHEFG+CMR10,9.963,385.25199999999995,557.193,389.12699999999995,567.156,t
353,1,8,16,WMHEFG+CMR10,9.963,389.12699999999995,557.193,394.662,567.156,h
354,1,8,16,WMHEFG+CMR10,9.963,394.662,557.193,397.43,567.156,i
355,1,8,16,WMHEFG+CMR10,9.963,397.43,557.193,401.35900000000004,567.156,s
356,1,6,12,WMHEFG+CMR10,9.963,209.055,544.839,216.52700000000002,554.802,A
357,1,6,12,WMHEFG+CMR10,9.963,219.84400000000002,544.839,223.71900000000002,554.802,t
358,1,6,12,WMHEFG+CMR10,9.963,223.71900000000002,544.839,229.25400000000002,554.802,h
359,1,6,12,WMHEFG+CMR10,9.963,229.25400000000002,544.839,232.02200000000002,554.802,i
360,1,6,12,WMHEFG+CMR10,9.963,232.02200000000002,544.839,235.924,554.802,r
361,1,6,12,WMHEFG+CMR10,9.963,235.924,544.839,241.459,554.802,d
362,1,6,12,WMHEFG+CMR10,9.963,244.787,544.839,248.68900000000002,554.802,r
363,1,6,12,WMHEFG+CMR10,9.963,248.68900000000002,544.839,253.671,554.802,o
364,1,6,12,WMHEFG+CMR10,9.963,253.392,544.839,260.587,554.802,w
365,1,7,14,WMHEFG+CMR10,9.963,294.969,544.839,302.441,554.802,A
366,1,9,17,WMHEFG+CMR10,9.963,353.874,544.839,359.409,554.802,b
367,1,9,17,WMHEFG+CMR10,9.963,359.68800000000005,544.839,364.116,554.802,e
368,1,9,17,WMHEFG+CMR10,9.963,364.116,544.839,369.374,554.802,y
369,1,9,17,WMHEFG+CMR10,9.963,369.095,544.839,374.07599999999996,554.802,o
370,1,9,17,WMHEFG+CMR10,9.963,374.07599999999996,544.839,379.611,554.802,n
371,1,9,17,WMHEFG+CMR10,9.963,379.611,544.839,385.147,554.802,d
372,1,10,18,WMHEFG+CMR10,9.963,133.768,522.977,139.303,532.94,S
373,1,10,18,WMHEFG+CMR10,9.963,139.303,522.977,144.285,532.94,o
374,1,10,18,WMHEFG+CMR10,9.963,144.285,522.977,152.586,532.94,m
375,1,10,18,WMHEFG+CMR10,9.963,152.586,522.977,157.014,532.94,e
376,1,10,18,WMHEFG+CMR10,9.963,160.33100000000002,522.977,165.86700000000002,532.94,n
377,1,10,18,WMHEFG+CMR10,9.963,165.86700000000002,522.977,170.84799999999998,532.94,o
378,1,10,18,WMHEFG+CMR10,9.963,170.84799999999998,522.977,174.75,532.94,r
379,1,10,18,WMHEFG+CMR10,9.963,174.75,522.977,183.05200000000002,532.94,m
380,1,10,18,WMHEFG+CMR10,9.963,183.05200000000002,522.977,188.033,532.94,a
381,1,10,18,WMHEFG+CMR10,9.963,188.033,522.977,190.801,532.94,l
382,1,10,18,WMHEFG+CMR10,9.963,194.128,522.977,198.003,532.94,t
383,1,10,18,WMHEFG+CMR10,9.963,198.003,522.977,202.43,532.94,e
384,1,10,18,WMHEFG+CMR10,9.963,202.43,522.977,207.688,532.94,x
385,1,10,18,WMHEFG+CMR10,9.963,207.688,522.977,211.563,532.94,t
386,1,10,18,WMHEFG+CMR10,9.963,214.88099999999997,522.977,217.925,532.94,f
387,1,10,18,WMHEFG+CMR10,9.963,217.925,522.977,222.90599999999998,532.94,o
388,1,10,18,WMHEFG+CMR10,9.963,222.90599999999998,522.977,225.674,532.94,l
389,1,10,18,WMHEFG+CMR10,9.963,225.674,522.977,228.442,532.94,l
390,1,10,18,WMHEFG+CMR10,9.963,228.442,522.977,233.423,532.94,o
391,1,10,18,WMHEFG+CMR10,9.963,233.144,522.977,240.33900000000003,532.94,w
392,1,10,18,WMHEFG+CMR10,9.963,240.33900000000003,522.977,243.107,532.94,i
393,1,10,18,WMHEFG+CMR10,9.963,243.107,522.977,248.642,532.94,n
394,1,10,18,WMHEFG+CMR10,9.963,248.642,522.977,253.623,532.94,g
395,1,10,18,WMHEFG+CMR10,9.963,256.941,522.977,260.815,532.94,t
396,1,10,18,WMHEFG+CMR10,9.963,260.815,522.977,265.796,532.94,a
397,1,10,18,WMHEFG+CMR10,9.963,265.796,522.977,271.332,532.94,b
398,1,10,18,WMHEFG+CMR10,9.963,271.332,522.977,274.099,532.94,l
399,1,10,18,WMHEFG+CMR10,9.963,274.099,522.977,278.527,532.94,e
400,1,10,18,WMHEFG+CMR10,9.963,278.527,522.977,281.29400000000004,532.94,.
401,1,11,19,WMHEFG+CMR10,9.963,303.133,137.322,308.11400000000003,147.285,1
